"ACC_P01_Id__c","Account_Name","Salutation","FirstName","LastName","Title","MailingStreet","MailingCity","MailingState","MailingPostalCode","MailingCountry","Email","Phone","Birthdate"
"ACC0001","Marriot Utrecht","Mr.","Jevon","van Ravenhorst","Director Technology","Klaprooslaan 65","Terneuzen","ZE","4537 CW","NL","JevonvanRavenhorst@cuvox.de","06-61395387","3/7/1972"
"ACC0001","Marriot Utrecht","Mrs.","Joya","Sterenberg","Chairman Financial Officer","Zutphen Emmerikseweg 135","Toldijk","GE","7227 DH","NL","JoyaSterenberg@jourrapide.com","06-47383426","8/20/1958"
"ACC0001","Marriot Utrecht","Ms.","Marine","Wils","Chairman Executive Officer","Evertsenstraat 52","Goes","ZE","4461 XS","NL","MarineWils@einrot.com","06-23597765","1/7/1983"
"ACC0001","Marriot Utrecht","Ms.","Mariem","Draaijer","Director Sales Operations","Hemmerbuurt 62","Hem","NH","1607 CM","NL","MariemDraaijer@rhyta.com","06-10132577","7/4/1941"
"ACC0001","Marriot Utrecht","Mr.","Devran","Koerhuis","Marketing Director","Baanhoek 19","Sliedrecht","ZH","3361 GM","NL","DevranKoerhuis@fleckens.hu","06-34482154","11/14/1939"
"ACC0001","Marriot Utrecht","Mr.","Johnson","Stroeken","Sales Regional Director (N)","Schapenlaan 147","Den Haag","ZH","2512 HT","NL","JohnsonStroeken@fleckens.hu","06-87728904","12/26/1936"
"ACC0001","Marriot Utrecht","Mrs.","Nandini","Versantvoort","Purchasing Manager","Friezenstraat 14","Rosmalen","NB","5249 JS","NL","NandiniVersantvoort@rhyta.com","06-17021037","2/19/1958"
"ACC0001","Marriot Utrecht","Mr.","Brand","Nieuwdorp","IT Project Manager","Tussen Meer 60","Amsterdam","NH","1069 DN","NL","BrandNieuwdorp@rhyta.com","06-17239730","11/3/1978"
"ACC0001","Marriot Utrecht","Ms.","Angelika","Ruissen","Business Architecture Manager","Middelveenseweg 69","Zuidwolde","DR","7921 RM","NL","AngelikaRuissen@jourrapide.com","06-98761445","4/24/1953"
"ACC0001","Marriot Utrecht","Mr.","Andrea","van Ommeren","Talent Acquisitions Manager","Visweg 131","Egmond-Binnen","NH","1935 EA","NL","AndreavanOmmeren@teleworm.us","06-73829756","9/22/1984"
"ACC0001","Marriot Utrecht","Mr.","Brandon","Wijnhoud","Creative Designer","Bouwdriest 51","Leusden","UT","3831 PD","NL","BrandonWijnhoud@jourrapide.com","06-38501197","6/10/1993"
"ACC0001","Marriot Utrecht","Ms.","Ivette","Smienk","Sales Regional Director (NW)","Jeroen Boschplantsoen 46","Almere","FL","1318 HC","NL","IvetteSmienk@fleckens.hu","06-39416135","10/10/1957"
"ACC0001","Marriot Utrecht","Mr.","Nima","Klijnstra","Sales Regional Director (NE)","Beetgumerstraat 1","Leeuwarden","FR","8913 AV","NL","NimaKlijnstra@teleworm.us","06-19572411","11/25/1991"
"ACC0001","Marriot Utrecht","Mr.","Roelant","Piersma","Sales Regional Director (S)","Dokter de Ramlaan 158","Bergen op Zoom","NB","4624 VL","NL","RoelantPiersma@fleckens.hu","06-80438484","8/23/1983"
"ACC0001","Marriot Utrecht","Mr.","Chen","van den Oetelaar","Treasurer","Hengstdalseweg 6","Nijmegen","GE","6523 EG","NL","ChenvandenOetelaar@superrito.com","06-73960373","2/3/1975"
"ACC0001","Marriot Utrecht","Mr.","Raymon","Pierik","Partnership Director","Ooltgensplaathof 31","Rotterdam","ZH","3086 ND","NL","RaymonPierik@superrito.com","06-52621365","6/2/1998"
"ACC0001","Marriot Utrecht","Mr.","Timon","Knape","Support Manager","Weergang 111","Zeewolde","FL","3891 GR","NL","TimonKnape@armyspy.com","06-98088507","4/11/1998"
"ACC0001","Marriot Utrecht","Mr.","Thimo","van der Hooft","B2B Director","Arnoudstraat 175","Hillegom","ZH","2182 DZ","NL","ThimovanderHooft@armyspy.com","06-19603744","3/11/1969"
"ACC0001","Marriot Utrecht","Mr.","Viresh","Hellendoorn","B2C Director","De Berch 181","Burgum","FR","9251 BG","NL","VireshHellendoorn@rhyta.com","06-22023090","4/29/1939"
"ACC0001","Marriot Utrecht","Mr.","Curtis","Horsting","Director Legal and Regulatory","Gouden Regenstraat 91","Sint-Michielsgestel","NB","5271 JW","NL","CurtisHorsting@einrot.com","06-28661026","1/7/1938"
"ACC0001","Marriot Utrecht","Mr.","Danick","van der Slikke","Program Manager","Waldfeuchterbaan 153","Maria Hoop","LI","6105 BP","NL","DanickvanderSlikke@teleworm.us","06-47255349","8/30/1998"
"ACC0001","Marriot Utrecht","Mr.","Serdar","Maathuis","Director Business Control B2B","Nicolaas Maesstraat 131","Amsterdam","NH","1071 PN","NL","SerdarMaathuis@einrot.com","06-60042115","12/17/1952"
"ACC0001","Marriot Utrecht","Ms.","Cheverny","Dubbeld","Operations Support Manager","Kagersingel 170","Sassenheim","ZH","2172 XE","NL","ChevernyDubbeld@superrito.com","06-67393526","4/6/1964"
"ACC0001","Marriot Utrecht","Mr.","Shadi","Theunissen","Digital Operations Manager","Drogerij 27","Den Hoorn","ZH","2635 GN","NL","ShadiTheunissen@jourrapide.com","06-57832599","10/7/1955"
"ACC0001","Marriot Utrecht","Mr.","Joek","Kroot","Customer Support Executive","Rondelaan 105","Bergen","NH","1861 ED","NL","JoekKroot@cuvox.de","06-93265015","9/11/1939"
"ACC0001","Marriot Utrecht","Mr.","Donnie","Eilander","General Director Executive Secretary","Klaproos 160","Steijl","LI","5935 CE","NL","DonnieEilander@cuvox.de","06-61981606","7/11/1937"
"ACC0001","Marriot Utrecht","Mr.","Savaş","Huijben","Account Executive","Hof van Sint Jan 51","Middelburg","ZE","4331 MJ","NL","SavasHuijben@jourrapide.com","06-58627092","9/5/1996"
"ACC0001","Marriot Utrecht","Mr.","Abdelmalek","Bekhuis","Account Executive","Marsstraat 100","Emmeloord","FL","8303 AM","NL","AbdelmalekBekhuis@dayrep.com","06-66488005","5/22/1958"
"ACC0001","Marriot Utrecht","Mrs.","Jaime","Nefkens","Account Executive","Zuiderdiep 153","Drouwenermond","DR","9523 TE","NL","JaimeNefkens@jourrapide.com","06-31951724","10/25/1984"
"ACC0001","Marriot Utrecht","Ms.","Loraine","Streng","Customer Support Executive","Vronesteijn 196","Oostkapelle","ZE","4356 AD","NL","LoraineStreng@einrot.com","06-77945031","10/30/1990"
"ACC0002","Kinderdagverblijf Piccolo","Ms.","Jolieke","Kieft","Director Technology","Ravelstraat 154","Zwolle","OV","8031 DD","NL","JoliekeKieft@armyspy.com","06-71511686","4/15/1972"
"ACC0002","Kinderdagverblijf Piccolo","Mr.","Tinus","Wendt","Chairman Financial Officer","Parklaan 92","Pijnacker","ZH","2642 JL","NL","TinusWendt@superrito.com","06-67567987","7/10/1938"
"ACC0002","Kinderdagverblijf Piccolo","Mr.","Justian","David","Chairman Executive Officer","Spanjaardsweg 123","Wedde","GR","9698 BT","NL","JustianDavid@cuvox.de","06-19779605","12/24/1946"
"ACC0002","Kinderdagverblijf Piccolo","Ms.","Nargis","Rutten","Director Sales Operations","De Breekstraat 123","Amsterdam","NH","1024 LJ","NL","NargisRutten@dayrep.com","06-27573164","10/13/1963"
"ACC0002","Kinderdagverblijf Piccolo","Mr.","Hieronymus","Hennink","Marketing Director","Kennemerweg 19","Bloemendaal","NH","2061 HS","NL","HieronymusHennink@rhyta.com","06-59731413","5/12/1981"
"ACC0002","Kinderdagverblijf Piccolo","Mr.","Naoual","Hibma","Sales Regional Director (N)","Meierijsingel 157","Vught","NB","5262 JW","NL","NaoualHibma@superrito.com","06-19735307","9/11/1979"
"ACC0002","Kinderdagverblijf Piccolo","Mrs.","Lisanna","de Vlugt","Purchasing Manager","Herengracht 146","Amsterdam","NH","1016 AX","NL","LisannadeVlugt@jourrapide.com","06-86793544","5/9/1993"
"ACC0002","Kinderdagverblijf Piccolo","Mr.","Berend-Jan","Kropman","IT Project Manager","Willem-Alexanderstraat 100","Brunssum","LI","6441 AV","NL","Berend-JanKropman@dayrep.com","06-96562591","9/2/1982"
"ACC0002","Kinderdagverblijf Piccolo","Mrs.","Sharen","Versendaal","Business Architecture Manager","Hurgronjestraat 173","Vlissingen","ZE","4381 TB","NL","SharenVersendaal@einrot.com","06-25426338","1/13/1977"
"ACC0002","Kinderdagverblijf Piccolo","Mr.","Thibaud","Dikker","Talent Acquisitions Manager","Timorstraat 6","Leiden","ZH","2315 BN","NL","ThibaudDikker@einrot.com","06-41601230","5/30/1942"
"ACC0002","Kinderdagverblijf Piccolo","Mrs.","Rosemarijn","Luinge","Creative Designer","Hulsterpad 58","Nieuwleusen","OV","7711 HZ","NL","RosemarijnLuinge@cuvox.de","06-11091971","4/30/1990"
"ACC0002","Kinderdagverblijf Piccolo","Mr.","Houssain","van der Peijl","Sales Regional Director (NW)","Graldasingel 23","Menaam","FR","9036 KC","NL","HoussainvanderPeijl@fleckens.hu","06-67459453","5/30/1960"
"ACC0002","Kinderdagverblijf Piccolo","Dr.","Nadie","Onink","Sales Regional Director (NE)","Crayenestersingel 99","Heemstede","NH","2101 AN","NL","NadieOnink@jourrapide.com","06-18902600","9/10/1951"
"ACC0002","Kinderdagverblijf Piccolo","Ms.","Bodil","Faber","Sales Regional Director (S)","Jol 185","Lelystad","FL","8243 HG","NL","BodilFaber@jourrapide.com","06-87615216","1/9/1989"
"ACC0002","Kinderdagverblijf Piccolo","Mr.","Olivier","Saarloos","Treasurer","Soestdijksekade 36","Den Haag","ZH","2574 AC","NL","OlivierSaarloos@gustr.com","06-96798721","11/1/1977"
"ACC0002","Kinderdagverblijf Piccolo","Ms.","Hafsa","Mooren","Partnership Director","Dwarsstraat 39","Graauw","ZE","4569 PB","NL","HafsaMooren@fleckens.hu","06-65506338","6/9/1986"
"ACC0002","Kinderdagverblijf Piccolo","Mr.","Orhan","Bonten","Support Manager","Noordwal 108","Den Haag","ZH","2513 ED","NL","OrhanBonten@rhyta.com","06-38605272","2/13/1986"
"ACC0002","Kinderdagverblijf Piccolo","Ms.","Misha","Zieltjens","B2B Director","Sonatestraat 195","Enschede","OV","7534 XC","NL","MishaZieltjens@rhyta.com","06-95628262","9/21/1946"
"ACC0002","Kinderdagverblijf Piccolo","Mr.","Hamse","de Bruine","B2C Director","Cort van der Lindenlaan 105","Naarden","NH","1412 BW","NL","HamsedeBruine@armyspy.com","06-40256689","10/20/1976"
"ACC0002","Kinderdagverblijf Piccolo","Mr.","Jun","Reek","Director Legal and Regulatory","Beukelsweg 179","Rotterdam","ZH","3022 GH","NL","JunReek@superrito.com","06-13922492","8/3/1974"
"ACC0002","Kinderdagverblijf Piccolo","Ms.","Jaclyn","Goos","Program Manager","Needseweg 137","Diepenheim","OV","7478 PZ","NL","JaclynGoos@jourrapide.com","06-57743857","4/24/1988"
"ACC0002","Kinderdagverblijf Piccolo","Mrs.","Rachél","Steendam","Director Business Control B2B","Windmolenerf 185","Gouda","ZH","2807 EE","NL","RachelSteendam@fleckens.hu","06-88835194","9/11/1941"
"ACC0002","Kinderdagverblijf Piccolo","Mr.","Lubertus","Dorsman","Operations Support Manager","Korte Haeg 125","Ermelo","GE","3853 ED","NL","LubertusDorsman@fleckens.hu","06-59136795","9/11/1978"
"ACC0002","Kinderdagverblijf Piccolo","Mr.","Paulus","Soldaat","Digital Operations Manager","Radioweg 81","Nederhorst den Berg","NH","1394 AR","NL","PaulusSoldaat@dayrep.com","06-12567914","10/11/1950"
"ACC0002","Kinderdagverblijf Piccolo","Mr.","Oğuz","van Poelgeest","Customer Support Executive","Eeldersingel 64","Groningen","GR","9726 AS","NL","OguzvanPoelgeest@einrot.com","06-21985220","10/17/1976"
"ACC0002","Kinderdagverblijf Piccolo","Mrs.","Sybrich","Duijm","General Director Executive Secretary","Lisdoddelaan 37","Krommenie","NH","1562 SM","NL","SybrichDuijm@armyspy.com","06-50404849","5/12/1986"
"ACC0002","Kinderdagverblijf Piccolo","Mr.","Kenn","Remmers","Account Executive","De Bongerd 48","Oss","NB","5345 JV","NL","KennRemmers@einrot.com","06-51706948","8/1/1958"
"ACC0002","Kinderdagverblijf Piccolo","Mrs.","Dimara","Pors","Account Executive","Willem-Alexanderplein 11","Lisse","ZH","2161 SN","NL","DimaraPors@superrito.com","06-92178956","10/26/1935"
"ACC0002","Kinderdagverblijf Piccolo","Ms.","Lisan","Zijp","Account Executive","Boxbergerweg 176","Diepenveen","OV","7431 PL","NL","LisanZijp@jourrapide.com","06-66316208","9/30/1988"
"ACC0002","Kinderdagverblijf Piccolo","Mr.","Yoram","van de Haterd","Customer Support Executive","Hongkongdreef 195","Utrecht","UT","3564 JH","NL","YoramvandeHaterd@jourrapide.com","06-36726482","4/27/1937"
"ACC0003","Coiffeur Terwijde Leidsche Rijn","Mr.","Ken","Greven","Director Technology","Veltkamplaan 35","Heino","OV","8141 RH","NL","KenGreven@superrito.com","06-82313566","5/22/1962"
"ACC0003","Coiffeur Terwijde Leidsche Rijn","Mr.","Ilja","Hubers","Chairman Financial Officer","Paulus Potterstraat 95","Rucphen","NB","4715 BJ","NL","IljaHubers@cuvox.de","06-84245899","6/28/1986"
"ACC0003","Coiffeur Terwijde Leidsche Rijn","Ms.","Fien","Garcia","Chairman Executive Officer","Damsteeg 108","Zwijndrecht","ZH","3331 XZ","NL","FienGarcia@cuvox.de","06-55114985","7/5/1943"
"ACC0003","Coiffeur Terwijde Leidsche Rijn","Ms.","Femia","van Son","Director Sales Operations","Hopweg 180","Rutten","FL","8313 RL","NL","FemiavanSon@dayrep.com","06-95009590","7/16/1994"
"ACC0003","Coiffeur Terwijde Leidsche Rijn","Mr.","Donny","Gankema","Marketing Director","Frans van Thoorlaan 164","Eindhoven","NB","5626 HD","NL","DonnyGankema@rhyta.com","06-23008318","9/25/1953"
"ACC0003","Coiffeur Terwijde Leidsche Rijn","Mr.","Tobie","Vorst","Sales Regional Director (N)","Beatrixsingel 187","Vlodrop","LI","6063 BB","NL","TobieVorst@rhyta.com","06-52466698","2/20/1986"
"ACC0003","Coiffeur Terwijde Leidsche Rijn","Mr.","Maurizio","Witteman","Purchasing Manager","Rijksweg 48","Smilde","DR","9422 CD","NL","MaurizioWitteman@einrot.com","06-44167619","8/3/1981"
"ACC0003","Coiffeur Terwijde Leidsche Rijn","Ms.","Sigrid","van de Koppel","IT Project Manager","Eektestraat 96","Oldenzaal","OV","7575 AP","NL","SigridvandeKoppel@einrot.com","06-44212940","4/20/1936"
"ACC0003","Coiffeur Terwijde Leidsche Rijn","Mr.","Hermanus","Schouwstra","Business Architecture Manager","Dijkhoevestraat 98","Spijk","GE","6917 BA","NL","HermanusSchouwstra@gustr.com","06-83302883","9/20/1957"
"ACC0003","Coiffeur Terwijde Leidsche Rijn","Ms.","Hilletje","Esajas","Talent Acquisitions Manager","Lichtboei 156","Stadskanaal","GR","9501 KK","NL","HilletjeEsajas@fleckens.hu","06-66281268","8/22/1961"
"ACC0003","Coiffeur Terwijde Leidsche Rijn","Mr.","Tseard","Ursem","Creative Designer","Zutphensestraat 1","Brummen","GE","6971 EV","NL","TseardUrsem@superrito.com","06-55390564","8/13/1946"
"ACC0003","Coiffeur Terwijde Leidsche Rijn","Mrs.","Mareille","Asbroek","Sales Regional Director (NW)","J.L. Nijsinghweg 46","De Wijk","DR","7957 CD","NL","MareilleAsbroek@jourrapide.com","06-90088657","5/17/1950"
"ACC0003","Coiffeur Terwijde Leidsche Rijn","Mrs.","Sandy","Dirkx","Sales Regional Director (NE)","Karekietstraat 116","Capelle aan den IJssel","ZH","2903 EJ","NL","SandyDirkx@dayrep.com","06-33003821","10/11/1947"
"ACC0003","Coiffeur Terwijde Leidsche Rijn","Mr.","Oussama","Gomes","Sales Regional Director (S)","Fortunahof 190","Maastricht","LI","6215 RW","NL","OussamaGomes@superrito.com","06-44852220","4/5/1993"
"ACC0003","Coiffeur Terwijde Leidsche Rijn","Mr.","Stoffel","Pekel","Treasurer","Pastoor Obersstraat 83","Weert","LI","6003 PA","NL","StoffelPekel@jourrapide.com","06-90484327","2/26/1941"
"ACC0003","Coiffeur Terwijde Leidsche Rijn","Mrs.","Peterke","van Maurik","Partnership Director","Kalanderplein 62","Enschede","OV","7511 HX","NL","PeterkevanMaurik@armyspy.com","06-43419469","3/28/1957"
"ACC0003","Coiffeur Terwijde Leidsche Rijn","Mr.","Farley","Sloof","Support Manager","Papenbeek 56","Well","LI","5855 BB","NL","FarleySloof@teleworm.us","06-29295281","8/5/1969"
"ACC0003","Coiffeur Terwijde Leidsche Rijn","Ms.","Lissa","Beerendonk","B2B Director","Van den Berglaan 8","Voorthuizen","GE","3781 GH","NL","LissaBeerendonk@superrito.com","06-62885039","9/27/1987"
"ACC0003","Coiffeur Terwijde Leidsche Rijn","Mr.","Rochdi","Spanjaard","B2C Director","Pinksterbloem 196","Purmerend","NH","1441 RK","NL","RochdiSpanjaard@fleckens.hu","06-30236258","2/20/1955"
"ACC0003","Coiffeur Terwijde Leidsche Rijn","Mr.","Fransiscus","Winters","Director Legal and Regulatory","Admiralenpad 125","Eindhoven","NB","5612 LP","NL","FransiscusWinters@superrito.com","06-84012448","12/30/1941"
"ACC0003","Coiffeur Terwijde Leidsche Rijn","Mrs.","Daimy","Al","Program Manager","Platboslaan 154","Burgh-Haamstede","ZE","4328 EA","NL","DaimyAl@armyspy.com","06-71945794","5/6/1936"
"ACC0003","Coiffeur Terwijde Leidsche Rijn","Mr.","Eyup","Mooij","Director Business Control B2B","Reidfinne 1","Heeg","FR","8621 DH","NL","EyupMooij@fleckens.hu","06-53090142","11/10/1956"
"ACC0003","Coiffeur Terwijde Leidsche Rijn","Mr.","Mikai","van Gelderen","Operations Support Manager","Derde Hollandiastraat 115","Bolsward","FR","8701 WJ","NL","MikaivanGelderen@teleworm.us","06-57836993","12/11/1941"
"ACC0003","Coiffeur Terwijde Leidsche Rijn","Mr.","Josephus","van Giersbergen","Digital Operations Manager","Overtoom 166","IJsselstein","UT","3401 BK","NL","JosephusvanGiersbergen@jourrapide.com","06-88553663","1/24/1993"
"ACC0003","Coiffeur Terwijde Leidsche Rijn","Mr.","Massimiliano","Zwijnenberg","Customer Support Executive","Van Dijkhuizenstraat 121","Nijkerkerveen","GE","3864 DT","NL","MassimilianoZwijnenberg@armyspy.com","06-55704739","1/7/1947"
"ACC0003","Coiffeur Terwijde Leidsche Rijn","Mr.","Muhsin","van Haasteren","General Director Executive Secretary","Gratenbogerd 195","Gameren","GE","5311 GB","NL","MuhsinvanHaasteren@superrito.com","06-33200642","5/16/1959"
"ACC0003","Coiffeur Terwijde Leidsche Rijn","Mrs.","Tjitske","Caspers","Account Executive","Levensboom 167","Blaricum","NH","1261 MX","NL","TjitskeCaspers@cuvox.de","06-60634633","4/30/1991"
"ACC0003","Coiffeur Terwijde Leidsche Rijn","Mrs.","Sonay","Elst","Account Executive","Doctor de Brouwerlaan 78","Boxtel","NB","5283 EB","NL","SonayElst@armyspy.com","06-53875635","6/2/1967"
"ACC0003","Coiffeur Terwijde Leidsche Rijn","Dr.","Mex","Cornelisse","Account Executive","Steve Bikostraat 78","Utrecht","UT","3573 BH","NL","MexCornelisse@dayrep.com","06-12136329","1/12/1976"
"ACC0003","Coiffeur Terwijde Leidsche Rijn","Mr.","Zaid","Voogd","Customer Support Executive","Hortlijnhof 182","Purmerend","NH","1445 SJ","NL","ZaidVoogd@rhyta.com","06-65542839","11/2/1971"
"ACC0004","ASW Utrecht","Mr.","Joah","van Berkom","Director Technology","Leidsestraat 10","Hillegom","ZH","2182 DP","NL","JoahvanBerkom@dayrep.com","06-39126699","11/8/1942"
"ACC0004","ASW Utrecht","Mr.","Age","Lo","Chairman Financial Officer","Groen van Prinstererlaan 199","Vlissingen","ZE","4384 CH","NL","AgeLo@rhyta.com","06-77921528","4/17/1974"
"ACC0004","ASW Utrecht","Mrs.","Yorinde","Vogelzang","Chairman Executive Officer","Sneeuwklokjestraat 87","Almere","FL","1338 SK","NL","YorindeVogelzang@fleckens.hu","06-10845615","12/10/1963"
"ACC0004","ASW Utrecht","Mr.","Mark","Lafeber","Director Sales Operations","Herman Bavinckstraat 57","Rotterdam","ZH","3063 RL","NL","MarkLafeber@cuvox.de","06-23163676","4/11/1945"
"ACC0004","ASW Utrecht","Mr.","Demian","Rijkers","Marketing Director","Crailoseweg 120","Huizen","NH","1272 EV","NL","DemianRijkers@jourrapide.com","06-30337062","5/22/1991"
"ACC0004","ASW Utrecht","Dr.","Corwin","de Bruyn","Sales Regional Director (N)","Van den Boschstraat 46","Roermond","LI","6045 GP","NL","CorwindeBruyn@gustr.com","06-35885468","1/16/1965"
"ACC0004","ASW Utrecht","Ms.","Ankje","van Hierden","Purchasing Manager","Oldewierde 100","Almere","FL","1353 HT","NL","AnkjevanHierden@einrot.com","06-24524417","12/30/1994"
"ACC0004","ASW Utrecht","Mrs.","Leontina","Mirza","IT Project Manager","Broekweg 15","Harbrinkhoek","OV","7615 NN","NL","LeontinaMirza@gustr.com","06-55919022","5/30/1954"
"ACC0004","ASW Utrecht","Mrs.","Iman","Hogenkamp","Business Architecture Manager","Heidekruid 78","Rotterdam","ZH","3068 RT","NL","ImanHogenkamp@gustr.com","06-58551173","2/8/1935"
"ACC0004","ASW Utrecht","Mrs.","Euphemia","van den Houten","Talent Acquisitions Manager","Lindenakker 161","Alphen","NB","5131 AE","NL","EuphemiavandenHouten@rhyta.com","06-98583795","8/16/1955"
"ACC0004","ASW Utrecht","Mr.","Corneel","van Lieshout","Creative Designer","Esdoornlaan 119","Vuren","GE","4214 DA","NL","CorneelvanLieshout@cuvox.de","06-83285912","12/2/1963"
"ACC0004","ASW Utrecht","Mr.","Maico","Zoutman","Sales Regional Director (NW)","Langeweg 173","Apeldoorn","GE","7315 CZ","NL","MaicoZoutman@cuvox.de","06-19890438","8/19/1991"
"ACC0004","ASW Utrecht","Mr.","Jaiden","Bremer","Sales Regional Director (NE)","Mozartlaan 75","Nunspeet","GE","8071 VA","NL","JaidenBremer@rhyta.com","06-50424621","1/16/1976"
"ACC0004","ASW Utrecht","Mr.","Amier","de Geus","Sales Regional Director (S)","Hoogstraat 6","Rotterdam","ZH","3011 PD","NL","AmierdeGeus@fleckens.hu","06-60359098","10/3/1958"
"ACC0004","ASW Utrecht","Ms.","Roshnie","Duijzer","Treasurer","Gijsbrecht van Amstelstraat 11","Hilversum","NH","1215 CR","NL","RoshnieDuijzer@armyspy.com","06-12680592","1/19/1981"
"ACC0004","ASW Utrecht","Ms.","Sasja","Rullens","Partnership Director","Van der Schellingstraat 115","Rotterdam","ZH","3033 VL","NL","SasjaRullens@dayrep.com","06-47820891","5/22/1938"
"ACC0004","ASW Utrecht","Mr.","Youri","van Gestel","Support Manager","Oude Haven 123","Schoonhoven","ZH","2871 DJ","NL","YourivanGestel@jourrapide.com","06-77499404","8/12/1977"
"ACC0004","ASW Utrecht","Mr.","Sikke","Sleutjes","B2B Director","Zeugweg 197","Wieringerwerf","NH","1771 MB","NL","SikkeSleutjes@einrot.com","06-83457594","7/24/1945"
"ACC0004","ASW Utrecht","Mr.","Ruth","den Boef","B2C Director","Beukemastraat 160","Hoogezand","GR","9601 BP","NL","RuthdenBoef@armyspy.com","06-72561529","6/4/1998"
"ACC0004","ASW Utrecht","Mrs.","Min","Schuijt","Director Legal and Regulatory","Willem-Alexanderhof 116","Uden","NB","5401 DE","NL","MinSchuijt@jourrapide.com","06-47808387","4/10/1970"
"ACC0004","ASW Utrecht","Mr.","Cristian","Klabbers","Program Manager","Fluweelboomlaan 187","Amstelveen","NH","1185 PT","NL","CristianKlabbers@jourrapide.com","06-18087767","8/7/1954"
"ACC0004","ASW Utrecht","Mr.","Reint","Bosselaar","Director Business Control B2B","Heijenseweg 44","Gennep","LI","6591 HD","NL","ReintBosselaar@jourrapide.com","06-31144254","2/27/1971"
"ACC0004","ASW Utrecht","Mr.","Raul","Crama","Operations Support Manager","Den Uylplein 176","Vlijmen","NB","5251 SR","NL","RaulCrama@fleckens.hu","06-13684462","4/22/1957"
"ACC0004","ASW Utrecht","Mr.","Asad","Louws","Digital Operations Manager","Korenbloemlaan 19","Ede","GE","6713 DX","NL","AsadLouws@rhyta.com","06-41850532","12/31/1974"
"ACC0004","ASW Utrecht","Ms.","Faduma","Kievit","Customer Support Executive","Oranjeplaatweg 193","Arnemuiden","ZE","4341 RX","NL","FadumaKievit@rhyta.com","06-96842752","5/11/1964"
"ACC0004","ASW Utrecht","Mr.","Fabrice","Steendam","General Director Executive Secretary","Lange Bunder 180","Bavel","NB","4854 MB","NL","FabriceSteendam@teleworm.us","06-85936321","5/24/1982"
"ACC0004","ASW Utrecht","Ms.","Marilène","Collignon","Account Executive","Gruttoplein 127","Diemen","NH","1113 HL","NL","MarileneCollignon@superrito.com","06-34220147","7/3/1971"
"ACC0004","ASW Utrecht","Mr.","Ronnie","Akdemir","Account Executive","De Kolk 121","Nijeveen","DR","7948 NB","NL","RonnieAkdemir@jourrapide.com","06-45490101","3/14/1962"
"ACC0004","ASW Utrecht","Dr.","Felicity","van den Brandhof","Account Executive","Franklinstraat 170","Tiel","GE","4004 JK","NL","FelicityvandenBrandhof@gustr.com","06-73956931","3/2/1953"
"ACC0004","ASW Utrecht","Mrs.","Selenay","Çelik","Customer Support Executive","Ratelaar 177","IJsselstein","UT","3401 LM","NL","SelenayCelik@einrot.com","06-55453437","12/14/1988"
"ACC0005","Wilcken Design & Photography","Mr.","Leonardus","Hamers","Director Technology","Louis Bouwmeesterstraat 142","Amsterdam","NH","1065 LE","NL","LeonardusHamers@armyspy.com","06-38119553","8/17/1935"
"ACC0005","Wilcken Design & Photography","Mrs.","Nasira","Crezee","Chairman Financial Officer","Hoge Rijndijk 196","Zoeterwoude","ZH","2382 AB","NL","NasiraCrezee@rhyta.com","06-10618077","8/17/1958"
"ACC0005","Wilcken Design & Photography","Mr.","Rishi","Meeuwis","Chairman Executive Officer","Anemoonstraat 41","Enschede","OV","7531 DA","NL","RishiMeeuwis@gustr.com","06-97182315","4/5/1973"
"ACC0005","Wilcken Design & Photography","Mrs.","Marcela","Edelman","Director Sales Operations","Maaibalk 129","Eemnes","UT","3755 WS","NL","MarcelaEdelman@gustr.com","06-22533971","10/27/1994"
"ACC0005","Wilcken Design & Photography","Mrs.","Lieske","Brandt","Marketing Director","Posthoorn 131","Barger-Compascuum","DR","7884 PE","NL","LieskeBrandt@rhyta.com","06-44288359","12/18/1967"
"ACC0005","Wilcken Design & Photography","Mr.","Gaël","van Breemen","Sales Regional Director (N)","Hoge Borgh 134","Leek","GR","9351 TS","NL","GaelvanBreemen@einrot.com","06-70992705","8/31/1943"
"ACC0005","Wilcken Design & Photography","Mr.","Sükrü","Warnier","Purchasing Manager","Draailier 148","Soest","UT","3766 ET","NL","SukruWarnier@armyspy.com","06-82773912","4/27/1995"
"ACC0005","Wilcken Design & Photography","Dr.","Hylke","Zomers","IT Project Manager","Ixiadal 94","Leiden","ZH","2317 HL","NL","HylkeZomers@rhyta.com","06-12967008","10/2/1984"
"ACC0005","Wilcken Design & Photography","Mr.","Scott","Ensink","Business Architecture Manager","Klaverdijk 42","Zelhem","GE","7021 HJ","NL","ScottEnsink@dayrep.com","06-67851482","9/23/1946"
"ACC0005","Wilcken Design & Photography","Mr.","Djen","van der Voorden","Talent Acquisitions Manager","Kwartel 69","Etten-Leur","NB","4872 RZ","NL","DjenvanderVoorden@dayrep.com","06-74197559","12/18/1949"
"ACC0005","Wilcken Design & Photography","Mr.","Patrick","Bogerd","Creative Designer","Schoutenstraat 116","Hoorn","NH","1623 RX","NL","PatrickBogerd@gustr.com","06-53055722","1/26/1952"
"ACC0005","Wilcken Design & Photography","Mr.","Sagar","van der Schoot","Sales Regional Director (NW)","Oude Tilburgsebaan 60","Alphen","NB","5131 RM","NL","SagarvanderSchoot@dayrep.com","06-95144695","6/27/1972"
"ACC0005","Wilcken Design & Photography","Mr.","Silvijn","Bremer","Sales Regional Director (NE)","Burgemeester R.J. Giezenstraat 141","Muntendam","GR","9649 AN","NL","SilvijnBremer@superrito.com","06-23728937","12/1/1982"
"ACC0005","Wilcken Design & Photography","Mr.","Giovanni","Voorham","Sales Regional Director (S)","Herenlaan 84","Borculo","GE","7271 NR","NL","GiovanniVoorham@fleckens.hu","06-90795829","3/6/1944"
"ACC0005","Wilcken Design & Photography","Dr.","Alice","Janse","Treasurer","Gerard van Lomstraat 85","Gorinchem","ZH","4204 VG","NL","AliceJanse@armyspy.com","06-67119603","9/13/1948"
"ACC0005","Wilcken Design & Photography","Mr.","Kane","Sardjoe","Partnership Director","Dorpsweg Ransdorp 149","Amsterdam","NH","1028 BP","NL","KaneSardjoe@rhyta.com","06-75181034","8/15/1952"
"ACC0005","Wilcken Design & Photography","Ms.","Marijne","van der Galiën","Support Manager","Bisschop Davidweg 125","Rhenen","UT","3911 CH","NL","MarijnevanderGalien@rhyta.com","06-45466307","11/11/1962"
"ACC0005","Wilcken Design & Photography","Mr.","Gérard","Stoter","B2B Director","Suderom 141","Boornbergum","FR","9212 PS","NL","GerardStoter@rhyta.com","06-62148121","5/11/1992"
"ACC0005","Wilcken Design & Photography","Mr.","Mano","Poiesz","B2C Director","Meester van Lingenlaan 27","Beverwijk","NH","1941 BH","NL","ManoPoiesz@superrito.com","06-21539782","2/23/1942"
"ACC0005","Wilcken Design & Photography","Ms.","Debra","Aalten","Director Legal and Regulatory","Stad 172","Ospel","LI","6035 AV","NL","DebraAalten@dayrep.com","06-18154224","6/26/1982"
"ACC0005","Wilcken Design & Photography","Ms.","Kes","Fernhout","Program Manager","Frisialaan 71","Harderwijk","GE","3841 DP","NL","KesFernhout@armyspy.com","06-97501229","9/3/1972"
"ACC0005","Wilcken Design & Photography","Mr.","Tije","Sikkema","Director Business Control B2B","Hoofdstraat 131","Schiedam","ZH","3114 GG","NL","TijeSikkema@jourrapide.com","06-78219525","11/5/1985"
"ACC0005","Wilcken Design & Photography","Mr.","Zoë","Nijeboer","Operations Support Manager","Kleiwerf 172","Alphen aan den Rijn","ZH","2405 HR","NL","ZoeNijeboer@teleworm.us","06-95558989","9/30/1987"
"ACC0005","Wilcken Design & Photography","Dr.","Mohammed","Peet","Digital Operations Manager","Haarweg 186","Spijk","GE","4212 KJ","NL","MohammedPeet@armyspy.com","06-31406505","4/16/1981"
"ACC0005","Wilcken Design & Photography","Mr.","Gerrald","Roosenboom","Customer Support Executive","Werenfriedplein 88","Elst","GE","6661 EJ","NL","GerraldRoosenboom@jourrapide.com","06-24585709","5/22/1962"
"ACC0005","Wilcken Design & Photography","Ms.","Almira","Boorsma","General Director Executive Secretary","H. Limbeekstraat 3","Nijverdal","OV","7441 GH","NL","AlmiraBoorsma@einrot.com","06-63627164","6/25/1992"
"ACC0005","Wilcken Design & Photography","Mr.","Armaan","Krommendijk","Account Executive","Kerklaan 29","Weesp","NH","1382 AK","NL","ArmaanKrommendijk@rhyta.com","06-62066736","12/15/1935"
"ACC0005","Wilcken Design & Photography","Ms.","Florance","Edelenbos","Account Executive","Industrieweg 82","Pannerden","GE","6911 KL","NL","FloranceEdelenbos@einrot.com","06-91509640","5/5/1970"
"ACC0005","Wilcken Design & Photography","Mr.","Quirinus","van Essen","Account Executive","Prins Hendrikkade 5","Rotterdam","ZH","3071 KE","NL","QuirinusvanEssen@einrot.com","06-51956451","10/13/1975"
"ACC0005","Wilcken Design & Photography","Mr.","Jurie","Overkleeft","Customer Support Executive","Bunthaak 12","Hasselt","OV","8061 LZ","NL","JurieOverkleeft@einrot.com","06-36550579","7/31/1941"
"ACC0006","Thomas Jongbloed Fotografie & Videografie","Mr.","Izaak","Zwaans","Director Technology","Strijpsestraat 45","Eindhoven","NB","5616 GT","NL","IzaakZwaans@teleworm.us","06-68285872","7/22/1960"
"ACC0006","Thomas Jongbloed Fotografie & Videografie","Mr.","Jillis","van der Vooren","Chairman Financial Officer","Buitenkamp 148","Colmschate","OV","7429 AV","NL","JillisvanderVooren@superrito.com","06-93796888","7/4/1961"
"ACC0006","Thomas Jongbloed Fotografie & Videografie","Mr.","Junior","Schreuders","Chairman Executive Officer","Majubastraat 7","Den Haag","ZH","2572 NT","NL","JuniorSchreuders@superrito.com","06-77791654","4/14/1982"
"ACC0006","Thomas Jongbloed Fotografie & Videografie","Mr.","Sanjin","Kerremans","Director Sales Operations","Gariperwei 181","Oudega","FR","9216 VJ","NL","SanjinKerremans@gustr.com","06-57336077","11/12/1949"
"ACC0006","Thomas Jongbloed Fotografie & Videografie","Mr.","Yahia","van Lankveld","Marketing Director","Stapakker 26","Oirschot","NB","5688 PP","NL","YahiavanLankveld@gustr.com","06-67096022","7/29/1969"
"ACC0006","Thomas Jongbloed Fotografie & Videografie","Mr.","Andreas","Kaptijn","Sales Regional Director (N)","Acacialaan 89","Aadorp","OV","7611 AP","NL","AndreasKaptijn@superrito.com","06-61667085","4/3/1974"
"ACC0006","Thomas Jongbloed Fotografie & Videografie","Mr.","Per","Roerdink","Purchasing Manager","Linge Singel 14","Lienden","GE","4033 KA","NL","PerRoerdink@jourrapide.com","06-41070460","11/1/1986"
"ACC0006","Thomas Jongbloed Fotografie & Videografie","Ms.","Birsen","Droste","IT Project Manager","Domela Nieuwenhuisstraat 160","Amsterdam","NH","1069 SH","NL","BirsenDroste@teleworm.us","06-35269128","9/30/1993"
"ACC0006","Thomas Jongbloed Fotografie & Videografie","Mrs.","Rudy","Henkes","Business Architecture Manager","Grootstukkerweg 134","Alteveer","GR","9661 TS","NL","RudyHenkes@jourrapide.com","06-93330973","7/15/1958"
"ACC0006","Thomas Jongbloed Fotografie & Videografie","Dr.","Tamer","Kuik","Talent Acquisitions Manager","Mauritiuslaan 69","Utrecht","UT","3526 LD","NL","TamerKuik@fleckens.hu","06-63296082","2/16/1989"
"ACC0006","Thomas Jongbloed Fotografie & Videografie","Mr.","Mahdi","Roos","Creative Designer","Rector Luytenstraat 66","Handel","NB","5423 ST","NL","MahdiRoos@armyspy.com","06-64191096","8/25/1997"
"ACC0006","Thomas Jongbloed Fotografie & Videografie","Mr.","Wiggert","Oude Nijhuis","Sales Regional Director (NW)","Johannes Bildersstraat 43","Den Haag","ZH","2596 EE","NL","WiggertOudeNijhuis@armyspy.com","06-98455663","10/8/1956"
"ACC0006","Thomas Jongbloed Fotografie & Videografie","Mr.","Mahir","Besselsen","Sales Regional Director (NE)","t Hoog 116","Helvoirt","NB","5268 LL","NL","MahirBesselsen@jourrapide.com","06-15834367","3/24/1974"
"ACC0006","Thomas Jongbloed Fotografie & Videografie","Mr.","Christianus","Peerdeman","Sales Regional Director (S)","Doctor Kuyperlaan 87","Amstelveen","NH","1181 VJ","NL","ChristianusPeerdeman@fleckens.hu","06-66467621","2/18/1942"
"ACC0006","Thomas Jongbloed Fotografie & Videografie","Mr.","Danilo","Treurniet","Treasurer","Weidebloempad 187","Berkel en Rodenrijs","ZH","2651 LH","NL","DaniloTreurniet@dayrep.com","06-35498187","11/1/1966"
"ACC0006","Thomas Jongbloed Fotografie & Videografie","Ms.","Hani","Boogerd","Partnership Director","Haageind 35","Sint-Oedenrode","NB","5491 RC","NL","HaniBoogerd@dayrep.com","06-68397446","11/2/1940"
"ACC0006","Thomas Jongbloed Fotografie & Videografie","Mr.","Safouan","Davidson","Support Manager","Ananasstraat 192","Den Haag","ZH","2564 SN","NL","SafouanDavidson@gustr.com","06-33852646","6/26/1975"
"ACC0006","Thomas Jongbloed Fotografie & Videografie","Ms.","Kirby","Kraaijeveld","B2B Director","Laningpad 53","Oud-Beijerland","ZH","3262 JS","NL","KirbyKraaijeveld@fleckens.hu","06-18543997","10/23/1998"
"ACC0006","Thomas Jongbloed Fotografie & Videografie","Mr.","Jihad","Paes","B2C Director","Brusselsepoort 94","Maastricht","LI","6216 CG","NL","JihadPaes@gustr.com","06-84043772","2/2/1998"
"ACC0006","Thomas Jongbloed Fotografie & Videografie","Mrs.","Vera","Odekerken","Director Legal and Regulatory","Kennemerstraatweg 102","Alkmaar","NH","1815 LE","NL","VeraOdekerken@superrito.com","06-68526771","12/7/1938"
"ACC0006","Thomas Jongbloed Fotografie & Videografie","Ms.","Isobel","El Amrani","Program Manager","Marineblauw 117","Zoetermeer","ZH","2718 KE","NL","IsobelElAmrani@einrot.com","06-29045463","3/13/1996"
"ACC0006","Thomas Jongbloed Fotografie & Videografie","Mr.","Francis","Taylor","Director Business Control B2B","Snipweg 159","Apeldoorn","GE","7331 LT","NL","FrancisTaylor@cuvox.de","06-24949176","6/25/1981"
"ACC0006","Thomas Jongbloed Fotografie & Videografie","Mrs.","Atie","van der Ende","Operations Support Manager","Scheerderij 10","Maassluis","ZH","3142 JB","NL","AtievanderEnde@einrot.com","06-64063339","1/6/1946"
"ACC0006","Thomas Jongbloed Fotografie & Videografie","Ms.","Inass","Kleppe","Digital Operations Manager","Oostzeestraat 70","Lelystad","FL","8226 BA","NL","InassKleppe@jourrapide.com","06-20518741","2/3/1956"
"ACC0006","Thomas Jongbloed Fotografie & Videografie","Mr.","Gustav","Vlug","Customer Support Executive","Van Musschenbroekstraat 123","Den Haag","ZH","2522 AJ","NL","GustavVlug@armyspy.com","06-24477849","10/16/1955"
"ACC0006","Thomas Jongbloed Fotografie & Videografie","Mrs.","Paola","Taverne","General Director Executive Secretary","Caan van Necklaan 162","Rijswijk","ZH","2281 BK","NL","PaolaTaverne@cuvox.de","06-70868303","1/9/1941"
"ACC0006","Thomas Jongbloed Fotografie & Videografie","Dr.","Orry","Postmus","Account Executive","Burgemeester Kolfschotenlaan 166","Den Haag","ZH","2585 DX","NL","OrryPostmus@rhyta.com","06-39527561","9/27/1975"
"ACC0006","Thomas Jongbloed Fotografie & Videografie","Mr.","Chico","Beije","Account Executive","Eserstraat 145","De Kiel","DR","7849 PG","NL","ChicoBeije@fleckens.hu","06-80293051","8/2/1940"
"ACC0006","Thomas Jongbloed Fotografie & Videografie","Ms.","Aradhna","van Deventer","Account Executive","Snikke 114","Haulerwijk","FR","8433 HE","NL","AradhnavanDeventer@cuvox.de","06-82295775","7/4/1993"
"ACC0006","Thomas Jongbloed Fotografie & Videografie","Mr.","Pjotr","Kleinsman","Customer Support Executive","Stationsstraat 198","Valthe","DR","7872 RD","NL","PjotrKleinsman@cuvox.de","06-63822325","7/29/1980"
"ACC0007","Echocentrum Leidsche Rijn","Mrs.","Mignon","Fritz","Director Technology","De la Reystraat 73","Rotterdam","ZH","3072 TA","NL","MignonFritz@cuvox.de","06-59662070","2/11/1950"
"ACC0007","Echocentrum Leidsche Rijn","Mr.","Chaim","Heeren","Chairman Financial Officer","Abel Tasmanstraat 57","Zwolle","OV","8023 XG","NL","ChaimHeeren@rhyta.com","06-87954609","8/23/1968"
"ACC0007","Echocentrum Leidsche Rijn","Mr.","Ceylan","Haverkamp","Chairman Executive Officer","Fazanthof 59","Ten Boer","GR","9791 GA","NL","CeylanHaverkamp@einrot.com","06-81704808","6/26/1993"
"ACC0007","Echocentrum Leidsche Rijn","Mr.","Wiebe","Zwijnenberg","Director Sales Operations","Springert 42","Ouddorp","ZH","3253 EH","NL","WiebeZwijnenberg@jourrapide.com","06-70012549","12/3/1988"
"ACC0007","Echocentrum Leidsche Rijn","Mrs.","Shemara","Buunk","Marketing Director","Agaatlaan 137","Utrecht","UT","3523 CP","NL","ShemaraBuunk@armyspy.com","06-86944873","5/14/1958"
"ACC0007","Echocentrum Leidsche Rijn","Ms.","Michella","Landstra","Sales Regional Director (N)","Vijverlaan 162","Rotterdam","ZH","3062 HM","NL","MichellaLandstra@fleckens.hu","06-20296459","9/15/1949"
"ACC0007","Echocentrum Leidsche Rijn","Ms.","Vildan","Op den Camp","Purchasing Manager","Midlansdyk 67","Goënga","FR","8628 ES","NL","VildanOpdenCamp@jourrapide.com","06-63371835","5/5/1998"
"ACC0007","Echocentrum Leidsche Rijn","Mr.","Sebastien","van Stekelenburg","IT Project Manager","Ampsen 79","Doetinchem","GE","7006 JN","NL","SebastienvanStekelenburg@rhyta.com","06-94132594","7/15/1988"
"ACC0007","Echocentrum Leidsche Rijn","Mr.","Reinout","Bernhard","Business Architecture Manager","Dokter Harm Brouwerstraat D 144","Nieuwe Pekela","GR","9663 RM","NL","ReinoutBernhard@rhyta.com","06-78111104","12/5/1995"
"ACC0007","Echocentrum Leidsche Rijn","Mr.","Merlin","Langenhuijsen","Talent Acquisitions Manager","Oosteinderweg 83","Aalsmeer","NH","1432 BD","NL","MerlinLangenhuijsen@cuvox.de","06-68258458","6/9/1965"
"ACC0007","Echocentrum Leidsche Rijn","Ms.","Annet","Duijf","Creative Designer","Kritzingerstraat 153","Den Haag","ZH","2572 XN","NL","AnnetDuijf@fleckens.hu","06-86405443","9/25/1953"
"ACC0007","Echocentrum Leidsche Rijn","Mr.","Dré","Stoffels","Sales Regional Director (NW)","Groeneweg 124","Bergschenhoek","ZH","2661 RR","NL","DreStoffels@cuvox.de","06-52430146","12/4/1952"
"ACC0007","Echocentrum Leidsche Rijn","Ms.","Annemarieke","Elling","Sales Regional Director (NE)","Oostervenne 156","Purmerend","NH","1444 XG","NL","AnnemariekeElling@einrot.com","06-14194435","11/26/1977"
"ACC0007","Echocentrum Leidsche Rijn","Mr.","Kasper","Tahiri","Sales Regional Director (S)","Bovenover 74","Amsterdam","NH","1025 JV","NL","KasperTahiri@jourrapide.com","06-85119643","4/15/1967"
"ACC0007","Echocentrum Leidsche Rijn","Mr.","Constantinus","Poland","Treasurer","Van der Poelstraat 159","Rotterdam","ZH","3021 VR","NL","ConstantinusPoland@fleckens.hu","06-74995672","1/10/1959"
"ACC0007","Echocentrum Leidsche Rijn","Mr.","Sipke","Hartman","Partnership Director","Sint Goedelestraat 67","Eindhoven","NB","5643 ML","NL","SipkeHartman@superrito.com","06-96718051","6/8/1955"
"ACC0007","Echocentrum Leidsche Rijn","Mr.","Thimon","Beukhof","Support Manager","Felualaan 63","Apeldoorn","GE","7313 GL","NL","ThimonBeukhof@superrito.com","06-50010680","11/25/1955"
"ACC0007","Echocentrum Leidsche Rijn","Mr.","Alphons","Mollink","B2B Director","De Kuiperij 132","Pannerden","GE","6911 AB","NL","AlphonsMollink@gustr.com","06-44058290","8/21/1940"
"ACC0007","Echocentrum Leidsche Rijn","Mr.","Richel","de Wijs","B2C Director","Einthovenstraat 88","Assen","DR","9402 CB","NL","RicheldeWijs@jourrapide.com","06-13048279","3/6/1974"
"ACC0007","Echocentrum Leidsche Rijn","Ms.","Valerie","de Bekker","Director Legal and Regulatory","Meidoornplantsoen 17","Wageningen","GE","6706 DC","NL","ValeriedeBekker@dayrep.com","06-45817543","11/24/1958"
"ACC0007","Echocentrum Leidsche Rijn","Mr.","Djen","Olthoff","Program Manager","Rijksstraatweg 33","Haren","GR","9752 AH","NL","DjenOlthoff@cuvox.de","06-92018537","11/30/1951"
"ACC0007","Echocentrum Leidsche Rijn","Mr.","Jörn","Wiertz","Director Business Control B2B","Van der Duyn van Maasdamstraat 76","Den Helder","NH","1781 VC","NL","JornWiertz@rhyta.com","06-94434188","2/18/1957"
"ACC0007","Echocentrum Leidsche Rijn","Mr.","Igor","Copier","Operations Support Manager","Het Rosbach 13","Geesteren","GE","7274 BE","NL","IgorCopier@fleckens.hu","06-16148019","9/13/1940"
"ACC0007","Echocentrum Leidsche Rijn","Ms.","Tessie","Niesen","Digital Operations Manager","Achterweg 104","Herwijnen","GE","4171 BC","NL","TessieNiesen@dayrep.com","06-93732868","9/2/1950"
"ACC0007","Echocentrum Leidsche Rijn","Mrs.","Teuna","Bodelier","Customer Support Executive","Nieuweweg 53","Hulst","ZE","4561 BL","NL","TeunaBodelier@cuvox.de","06-19559771","5/17/1965"
"ACC0007","Echocentrum Leidsche Rijn","Mrs.","Jannigje","Welink","General Director Executive Secretary","Mockeborg 185","Maastricht","LI","6228 CR","NL","JannigjeWelink@superrito.com","06-17256772","10/24/1986"
"ACC0007","Echocentrum Leidsche Rijn","Mrs.","Mounia","Klinkert","Account Executive","Hermusstraat 160","Bergen op Zoom","NB","4611 BM","NL","MouniaKlinkert@einrot.com","06-51542420","7/1/1953"
"ACC0007","Echocentrum Leidsche Rijn","Mrs.","Feride","van der Kemp","Account Executive","Franciscusweg 34","Hilversum","NH","1216 SE","NL","FeridevanderKemp@rhyta.com","06-64797556","8/7/1973"
"ACC0007","Echocentrum Leidsche Rijn","Mr.","Eddo","Boswinkel","Account Executive","Proostdijstraat 136","Mijdrecht","UT","3641 AT","NL","EddoBoswinkel@armyspy.com","06-17986719","2/3/1946"
"ACC0007","Echocentrum Leidsche Rijn","Mr.","Miron","Groenink","Customer Support Executive","Mozartstraat 107","Losser","OV","7582 ET","NL","MironGroenink@armyspy.com","06-22499825","6/11/1937"
"ACC0008","Newstyle Healthcenters Leidsche Rijn","Ms.","Germa","Luiten","Director Technology","Stadionplein 95","Zwolle","OV","8025 CP","NL","GermaLuiten@jourrapide.com","06-78467993","4/15/1967"
"ACC0008","Newstyle Healthcenters Leidsche Rijn","Mr.","Emrullah","van Staveren","Chairman Financial Officer","Maastrichtsebaan 188","Alphen","NB","5131 NZ","NL","EmrullahvanStaveren@fleckens.hu","06-96281620","2/5/1952"
"ACC0008","Newstyle Healthcenters Leidsche Rijn","Mr.","Sandor","Schellens","Chairman Executive Officer","Irenelaan 139","Kaag","ZH","2159 LL","NL","SandorSchellens@armyspy.com","06-84090216","1/14/1947"
"ACC0008","Newstyle Healthcenters Leidsche Rijn","Mr.","Jelke","Peelen","Director Sales Operations","Beekpunge 71","Schoonebeek","DR","7761 KB","NL","JelkePeelen@fleckens.hu","06-97504153","9/5/1946"
"ACC0008","Newstyle Healthcenters Leidsche Rijn","Mr.","Mient","Lugtenburg","Marketing Director","De Ruyterstraat 1","Oudeschild","NH","1792 AJ","NL","MientLugtenburg@jourrapide.com","06-54643353","4/21/1994"
"ACC0008","Newstyle Healthcenters Leidsche Rijn","Mr.","Dario","Kwekkeboom","Sales Regional Director (N)","Talmastraat 95","Oosterhout","NB","4908 DS","NL","DarioKwekkeboom@rhyta.com","06-59568955","3/20/1980"
"ACC0008","Newstyle Healthcenters Leidsche Rijn","Mr.","Jorge","Wols","Purchasing Manager","Wal 4","Veldhoven","NB","5501 HK","NL","JorgeWols@gustr.com","06-48556443","8/31/1939"
"ACC0008","Newstyle Healthcenters Leidsche Rijn","Mr.","Wan","Timmerman","IT Project Manager","Zwaardstraat 138","Sneek","FR","8605 BE","NL","WanTimmerman@armyspy.com","06-71262879","8/8/1995"
"ACC0008","Newstyle Healthcenters Leidsche Rijn","Mrs.","Ariëtte","Kwakkenbos","Business Architecture Manager","Meppelweg 41","Den Haag","ZH","2544 BL","NL","ArietteKwakkenbos@jourrapide.com","06-96907294","9/22/1947"
"ACC0008","Newstyle Healthcenters Leidsche Rijn","Mr.","Dingeman","Thakoer","Talent Acquisitions Manager","Sint Maartenswal 147","Nieuwstadt","LI","6118 CG","NL","DingemanThakoer@dayrep.com","06-75171834","4/9/1997"
"ACC0008","Newstyle Healthcenters Leidsche Rijn","Mrs.","Joanne","Boogaard","Creative Designer","Burgemeester Buijsenstraat 187","Breda","NB","4835 BA","NL","JoanneBoogaard@superrito.com","06-89498229","4/26/1954"
"ACC0008","Newstyle Healthcenters Leidsche Rijn","Mr.","M","Vrijdag","Sales Regional Director (NW)","Lange Oijen 4","Katwijk","NB","5433 NG","NL","MVrijdag@jourrapide.com","06-58527730","7/4/1969"
"ACC0008","Newstyle Healthcenters Leidsche Rijn","Mrs.","Thyra","Romijn","Sales Regional Director (NE)","Van Lippe Biesterfeldstraat 55","Utrecht","UT","3523 VC","NL","ThyraRomijn@teleworm.us","06-16652117","4/5/1970"
"ACC0008","Newstyle Healthcenters Leidsche Rijn","Mr.","Jazz","Postema","Sales Regional Director (S)","Siniastrjitte 30","Lioessens","FR","9134 NZ","NL","JazzPostema@dayrep.com","06-21380582","11/28/1949"
"ACC0008","Newstyle Healthcenters Leidsche Rijn","Mr.","Trevor","Bleij","Treasurer","De Spijlen 183","Amerongen","UT","3958 GH","NL","TrevorBleij@dayrep.com","06-11629283","1/21/1957"
"ACC0008","Newstyle Healthcenters Leidsche Rijn","Mr.","Oguzhan","Heinsius","Partnership Director","Troostlaan 178","Alkmaar","NH","1816 NH","NL","OguzhanHeinsius@jourrapide.com","06-73825216","9/10/1935"
"ACC0008","Newstyle Healthcenters Leidsche Rijn","Mr.","Remigius","Klapwijk","Support Manager","Albrecht Sprengerstraat 175","Purmerend","NH","1447 ES","NL","RemigiusKlapwijk@dayrep.com","06-38209207","1/25/1998"
"ACC0008","Newstyle Healthcenters Leidsche Rijn","Mr.","Misha","den Dulk","B2B Director","Laan van de Iemenhees 50","Emmen","DR","7823 JS","NL","MishadenDulk@gustr.com","06-31419625","5/26/1937"
"ACC0008","Newstyle Healthcenters Leidsche Rijn","Mrs.","Maisam","Rozeboom","B2C Director","Van Mierisstraat 1","Den Haag","ZH","2526 NW","NL","MaisamRozeboom@fleckens.hu","06-91171538","4/30/1996"
"ACC0008","Newstyle Healthcenters Leidsche Rijn","Mr.","Taeke","Akerboom","Director Legal and Regulatory","Toplicht 50","Groningen","GR","9732 HP","NL","TaekeAkerboom@einrot.com","06-63049227","1/23/1971"
"ACC0008","Newstyle Healthcenters Leidsche Rijn","Mr.","Harvey","Tang","Program Manager","Generaal Vetterstraat 164","Amsterdam","NH","1059 BT","NL","HarveyTang@cuvox.de","06-80157998","5/13/1959"
"ACC0008","Newstyle Healthcenters Leidsche Rijn","Mr.","Jörgen","Ruijter","Director Business Control B2B","Botter 127","Veenendaal","UT","3904 SN","NL","JorgenRuijter@teleworm.us","06-74354883","3/14/1993"
"ACC0008","Newstyle Healthcenters Leidsche Rijn","Mr.","Torsten","Klumper","Operations Support Manager","Billie Holidaystraat 5","Middelburg","ZE","4337 WS","NL","TorstenKlumper@einrot.com","06-10733490","9/11/1976"
"ACC0008","Newstyle Healthcenters Leidsche Rijn","Mr.","Patrick","Kloppenburg","Digital Operations Manager","Gouverneur van Hovellstraat 136","Sittard","LI","6131 KD","NL","PatrickKloppenburg@gustr.com","06-97986195","11/10/1993"
"ACC0008","Newstyle Healthcenters Leidsche Rijn","Mrs.","Aisha","Schins","Customer Support Executive","Polderstraat 118","Sprundel","NB","4714 SW","NL","AishaSchins@einrot.com","06-15789598","8/26/1996"
"ACC0008","Newstyle Healthcenters Leidsche Rijn","Mrs.","Geke","Balci","General Director Executive Secretary","Oostelijke Polder Opweg 97","Usquert","GR","9988 TG","NL","GekeBalci@cuvox.de","06-91487981","10/5/1975"
"ACC0008","Newstyle Healthcenters Leidsche Rijn","Mr.","Lesley","Louis","Account Executive","Nicolaas Beetsstraat 173","Bergen op Zoom","NB","4624 HR","NL","LesleyLouis@rhyta.com","06-82269323","1/16/1977"
"ACC0008","Newstyle Healthcenters Leidsche Rijn","Mr.","Foeke","Mimpen","Account Executive","Van Houtenstraat 152","Geldermalsen","GE","4191 HN","NL","FoekeMimpen@gustr.com","06-13518803","1/3/1957"
"ACC0008","Newstyle Healthcenters Leidsche Rijn","Mrs.","Geerdina","Zantinge","Account Executive","Scheidingsweg 101","Lievelde","GE","7137 HN","NL","GeerdinaZantinge@teleworm.us","06-97713448","7/27/1953"
"ACC0008","Newstyle Healthcenters Leidsche Rijn","Mr.","Gregorius","Didden","Customer Support Executive","Summertimeplein 134","Terneuzen","ZE","4533 AD","NL","GregoriusDidden@dayrep.com","06-73587834","11/3/1961"
"ACC0009","St. Antonius Hospital Utrecht","Mr.","Walther","Kuypers","Director Technology","Kwartaalstraat 170","Almere","FL","1335 KK","NL","WaltherKuypers@armyspy.com","06-26989663","11/24/1961"
"ACC0009","St. Antonius Hospital Utrecht","Mr.","Elijah","Beverwijk","Chairman Financial Officer","Gerardus Mandersstraat 181","Bergen","LI","5854 BS","NL","ElijahBeverwijk@rhyta.com","06-22397709","2/12/1963"
"ACC0009","St. Antonius Hospital Utrecht","Mr.","Abram","Zwijnenberg","Chairman Executive Officer","Gravenlandweg 183","Bruinehaar","OV","7675 TC","NL","AbramZwijnenberg@rhyta.com","06-39106190","2/10/1971"
"ACC0009","St. Antonius Hospital Utrecht","Mr.","Remko","Raas","Director Sales Operations","Componistenlaan 30","Sint-Oedenrode","NB","5491 LE","NL","RemkoRaas@einrot.com","06-80498725","12/29/1945"
"ACC0009","St. Antonius Hospital Utrecht","Mrs.","Caia","van Osch","Marketing Director","Werenfridushof 46","Wervershoof","NH","1693 KD","NL","CaiavanOsch@teleworm.us","06-78559344","5/16/1968"
"ACC0009","St. Antonius Hospital Utrecht","Ms.","Teuni","Olijslager","Sales Regional Director (N)","Dorpsstraat 166","Nibbixwoud","NH","1688 CH","NL","TeuniOlijslager@cuvox.de","06-82961411","4/4/1950"
"ACC0009","St. Antonius Hospital Utrecht","Mr.","Muhsin","Oostendorp","Purchasing Manager","Nulweg 49","Ter Apel","GR","9561 MA","NL","MuhsinOostendorp@fleckens.hu","06-74791686","1/29/1971"
"ACC0009","St. Antonius Hospital Utrecht","Mr.","Uğur","Holtrop","IT Project Manager","Balustrade 64","Apeldoorn","GE","7325 GP","NL","UgurHoltrop@superrito.com","06-95423464","10/12/1982"
"ACC0009","St. Antonius Hospital Utrecht","Mr.","Darryl","Berkel","Business Architecture Manager","Witte de Withstraat 63","Groningen","GR","9726 EA","NL","DarrylBerkel@armyspy.com","06-23074796","2/19/1971"
"ACC0009","St. Antonius Hospital Utrecht","Ms.","Nurcan","van Schuppen","Talent Acquisitions Manager","Wadenoijenlaan 16","Tiel","GE","4006 AB","NL","NurcanvanSchuppen@teleworm.us","06-51481948","11/3/1980"
"ACC0009","St. Antonius Hospital Utrecht","Mrs.","Lize","Schregardus","Creative Designer","Wouwermanstraat 52","Amsterdam","NH","1071 LX","NL","LizeSchregardus@dayrep.com","06-39107683","8/2/1952"
"ACC0009","St. Antonius Hospital Utrecht","Mrs.","Sunaina","Westerlaken","Sales Regional Director (NW)","Koekoeklaan 159","Bussum","NH","1403 EA","NL","SunainaWesterlaken@jourrapide.com","06-76735143","10/8/1960"
"ACC0009","St. Antonius Hospital Utrecht","Ms.","Jaimie","van der Klooster","Sales Regional Director (NE)","Scherpenzeelseweg 42","Leersum","UT","3956 KC","NL","JaimievanderKlooster@jourrapide.com","06-85975171","5/27/1975"
"ACC0009","St. Antonius Hospital Utrecht","Mr.","Yassir","Wildenberg","Sales Regional Director (S)","Potgieterlaan 83","Uithoorn","NH","1422 BA","NL","YassirWildenberg@jourrapide.com","06-38457051","1/1/1957"
"ACC0009","St. Antonius Hospital Utrecht","Mr.","Abdulkadir","Tax","Treasurer","Eduard Verkadelaan 95","Utrecht","UT","3584 GT","NL","AbdulkadirTax@armyspy.com","06-92367757","8/15/1964"
"ACC0009","St. Antonius Hospital Utrecht","Ms.","Seray","Uslu","Partnership Director","Maraboeweg 72","Lelystad","FL","8218 NV","NL","SerayUslu@dayrep.com","06-47633714","11/9/1991"
"ACC0009","St. Antonius Hospital Utrecht","Ms.","Rachel","Kulk","Support Manager","Wolweversgaarde 69","Den Haag","ZH","2542 AT","NL","RachelKulk@jourrapide.com","06-28343660","2/20/1940"
"ACC0009","St. Antonius Hospital Utrecht","Mrs.","Prisilla","Penders","B2B Director","Einsteinstraat 157","Nijmegen","GE","6533 NR","NL","PrisillaPenders@einrot.com","06-36541023","8/9/1935"
"ACC0009","St. Antonius Hospital Utrecht","Mr.","Frederico","Camp","B2C Director","Onderweg 105","Waddinxveen","ZH","2742 LC","NL","FredericoCamp@gustr.com","06-57690319","6/4/1974"
"ACC0009","St. Antonius Hospital Utrecht","Mr.","Jelke","Doornebosch","Director Legal and Regulatory","Villa Dotterbloem 10","Waalwijk","NB","5146 AA","NL","JelkeDoornebosch@superrito.com","06-61535100","10/28/1948"
"ACC0009","St. Antonius Hospital Utrecht","Mr.","Styn","van der Torre","Program Manager","Braspenningstraat 38","Alkmaar","NH","1827 JV","NL","StynvanderTorre@superrito.com","06-54976474","1/13/1990"
"ACC0009","St. Antonius Hospital Utrecht","Mrs.","Sharina","van den Hoorn","Director Business Control B2B","Westzeedijk 49","Rotterdam","ZH","3016 AN","NL","SharinavandenHoorn@superrito.com","06-23525108","2/2/1951"
"ACC0009","St. Antonius Hospital Utrecht","Mrs.","Sinéad","Scheepbouwer","Operations Support Manager","Lier 178","Ewijk","GE","6644 DX","NL","SineadScheepbouwer@superrito.com","06-17552885","5/20/1988"
"ACC0009","St. Antonius Hospital Utrecht","Mr.","Reinardus","van den Hombergh","Digital Operations Manager","Lupinestraat 108","Kerkrade","LI","6466 SM","NL","ReinardusvandenHombergh@einrot.com","06-64518643","4/5/1977"
"ACC0009","St. Antonius Hospital Utrecht","Mr.","Dico","Olij","Customer Support Executive","Houtigehaechstwei 31","Rottevalle","FR","9221 LT","NL","DicoOlij@einrot.com","06-77165756","8/20/1938"
"ACC0009","St. Antonius Hospital Utrecht","Mr.","Wytze","van Kilsdonk","General Director Executive Secretary","Lochtstraat 165","Gilze","NB","5126 EP","NL","WytzevanKilsdonk@armyspy.com","06-80250423","7/13/1996"
"ACC0009","St. Antonius Hospital Utrecht","Mr.","Sayed","van Deuveren","Account Executive","Valeriaan 62","Genemuiden","OV","8281 LH","NL","SayedvanDeuveren@fleckens.hu","06-80908709","3/9/1960"
"ACC0009","St. Antonius Hospital Utrecht","Mr.","Arsalan","Stern","Account Executive","Kelreweg 115","Kilder","GE","7035 CZ","NL","ArsalanStern@dayrep.com","06-14798748","3/8/1936"
"ACC0009","St. Antonius Hospital Utrecht","Mr.","Anco","Sitaram","Account Executive","Bentelerhaarweg 17","Bentelo","OV","7497 NP","NL","AncoSitaram@teleworm.us","06-96711609","7/14/1995"
"ACC0009","St. Antonius Hospital Utrecht","Mrs.","Maudi","Heuvelman","Customer Support Executive","Saxofoonlaan 186","Nieuwegein","UT","3438 GV","NL","MaudiHeuvelman@fleckens.hu","06-67693580","10/30/1950"
"ACC0010","Oracle Netherlands","Ms.","Noa","Goertz","Director Technology","Bredevoorde 106","Rotterdam","ZH","3085 TC","NL","NoaGoertz@superrito.com","06-28774932","8/3/1968"
"ACC0010","Oracle Netherlands","Mr.","Joas","van der Tuin","Chairman Financial Officer","Burgemeester Jonkheer Dr. A. Boreellaan 119","Bathmen","OV","7437 BC","NL","JoasvanderTuin@gustr.com","06-50400687","9/25/1939"
"ACC0010","Oracle Netherlands","Mr.","Jay","Vlaar","Chairman Executive Officer","Evenaar 164","Almere","FL","1338 NS","NL","JayVlaar@superrito.com","06-86721781","7/12/1977"
"ACC0010","Oracle Netherlands","Mrs.","Sinne","Voigt","Director Sales Operations","Overrijn 8","Katwijk","ZH","2223 EP","NL","SinneVoigt@armyspy.com","06-64708954","12/11/1940"
"ACC0010","Oracle Netherlands","Mr.","Nikolaos","Roode","Marketing Director","Gerestraat 101","Heesselt","GE","4063 CP","NL","NikolaosRoode@fleckens.hu","06-42535783","11/29/1953"
"ACC0010","Oracle Netherlands","Mr.","Admir","Struijk","Sales Regional Director (N)","Zandstraat 88","Steensel","NB","5524 KA","NL","AdmirStruijk@teleworm.us","06-78958791","1/27/1966"
"ACC0010","Oracle Netherlands","Dr.","Florentine","Ismail","Purchasing Manager","Azelosestraat 60","Borne","OV","7621 BC","NL","FlorentineIsmail@einrot.com","06-36317632","5/31/1976"
"ACC0010","Oracle Netherlands","Mr.","Matin","van Baak","IT Project Manager","Kostverloren 52","Enschede","OV","7544 MG","NL","MatinvanBaak@teleworm.us","06-72946120","9/28/1969"
"ACC0010","Oracle Netherlands","Ms.","Vidya","Fleer","Business Architecture Manager","Dorpsstraat 180","Assendelft","NH","1566 BX","NL","VidyaFleer@teleworm.us","06-13829423","11/30/1948"
"ACC0010","Oracle Netherlands","Mr.","Alek","Quist","Talent Acquisitions Manager","Diemerdijkstraat 49","Weesp","NH","1382 BN","NL","AlekQuist@teleworm.us","06-45573909","1/22/1999"
"ACC0010","Oracle Netherlands","Mr.","Fikri","Alphenaar","Creative Designer","Meerkensloop 88","Tilburg","NB","5032 BS","NL","FikriAlphenaar@superrito.com","06-75778556","6/22/1974"
"ACC0010","Oracle Netherlands","Mr.","Jaden","Bakkenes","Sales Regional Director (NW)","Tolweg 171","Dwingeloo","DR","7991 TD","NL","JadenBakkenes@jourrapide.com","06-49958996","5/12/1975"
"ACC0010","Oracle Netherlands","Ms.","Christi","Minnaard","Sales Regional Director (NE)","Het Cappelrijeland 196","Rijnsburg","ZH","2231 ZD","NL","ChristiMinnaard@superrito.com","06-12963684","6/9/1947"
"ACC0010","Oracle Netherlands","Mr.","Jurriaan","Webers","Sales Regional Director (S)","Prins Willem Alexanderplantsoen 192","Maartensdijk","UT","3738 DH","NL","JurriaanWebers@jourrapide.com","06-20744961","8/25/1957"
"ACC0010","Oracle Netherlands","Mr.","Josua","Westmaas","Treasurer","De Leuper 124","Schinveld","LI","6451 JB","NL","JosuaWestmaas@einrot.com","06-86073417","7/8/1979"
"ACC0010","Oracle Netherlands","Mr.","Jidde","Uitslag","Partnership Director","Pieter Steijnstraat 83","Apeldoorn","GE","7331 NK","NL","JiddeUitslag@gustr.com","06-89629906","4/9/1984"
"ACC0010","Oracle Netherlands","Mr.","Marshall","de la Rie","Support Manager","Doctor Nolensstraat 76","Gennep","LI","6591 ZK","NL","MarshalldelaRie@rhyta.com","06-95030997","9/22/1972"
"ACC0010","Oracle Netherlands","Mr.","Ruan","Snoeren","B2B Director","Burgemeester Cochiuslaan 195","Rijswijk","ZH","2286 MD","NL","RuanSnoeren@fleckens.hu","06-28652950","6/1/1941"
"ACC0010","Oracle Netherlands","Mr.","Idse","van Doren","B2C Director","Messchenweg 102","Rhee","DR","9486 TH","NL","IdsevanDoren@teleworm.us","06-76725155","10/5/1995"
"ACC0010","Oracle Netherlands","Mr.","Sal","El Messaoudi","Director Legal and Regulatory","Parelstraat 77","Groningen","GR","9743 JA","NL","SalElMessaoudi@dayrep.com","06-59557460","1/1/1995"
"ACC0010","Oracle Netherlands","Mrs.","Nanke","Mooijman","Program Manager","Kaapduinseweg 94","Koudekerke","ZE","4371 NP","NL","NankeMooijman@jourrapide.com","06-74114453","12/2/1938"
"ACC0010","Oracle Netherlands","Ms.","Mimi","van den Hoorn","Director Business Control B2B","Korhoenderstraat 67","Mill","NB","5451 WC","NL","MimivandenHoorn@einrot.com","06-36480994","9/9/1937"
"ACC0010","Oracle Netherlands","Mr.","Klaas","Bennik","Operations Support Manager","Van Santenlaan 67","Heerhugowaard","NH","1701 BV","NL","KlaasBennik@fleckens.hu","06-32103088","4/16/1989"
"ACC0010","Oracle Netherlands","Ms.","Sannah","Witte","Digital Operations Manager","Melkweg 57","Eindhoven","NB","5642 CP","NL","SannahWitte@einrot.com","06-97516066","3/7/1938"
"ACC0010","Oracle Netherlands","Mr.","Waldo","Brock","Customer Support Executive","Rembrandtlaan 27","Oosterhout","NB","4907 NP","NL","WaldoBrock@dayrep.com","06-21923013","12/1/1992"
"ACC0010","Oracle Netherlands","Ms.","Axelle","Kemmeren","General Director Executive Secretary","Centraalspoor 12","Houten","UT","3994 VB","NL","AxelleKemmeren@rhyta.com","06-19971402","8/11/1957"
"ACC0010","Oracle Netherlands","Mrs.","Gayle","Veneberg","Account Executive","Breughelstraat 103","Oud-Beijerland","ZH","3262 TB","NL","GayleVeneberg@dayrep.com","06-59861449","2/8/1991"
"ACC0010","Oracle Netherlands","Mr.","Ethem","Boone","Account Executive","Patrijsweg 116","Rijswijk","ZH","2289 EZ","NL","EthemBoone@dayrep.com","06-78262799","5/7/1943"
"ACC0010","Oracle Netherlands","Ms.","Rumeysa","van Rij","Account Executive","Wijnakker 108","Barneveld","GE","3773 BV","NL","RumeysavanRij@rhyta.com","06-65207058","11/18/1986"
"ACC0010","Oracle Netherlands","Mrs.","Jessy","Emmers","Customer Support Executive","Merelstraat 7","Warmenhuizen","NH","1749 VJ","NL","JessyEmmers@armyspy.com","06-34791567","4/21/1939"
"ACC0011","Voedselbank Leidsche Rijn","Mrs.","Arenda","Korver","Director Technology","Rozenstraat 31","Arnhem","GE","6814 EG","NL","ArendaKorver@cuvox.de","06-14983551","8/29/1939"
"ACC0011","Voedselbank Leidsche Rijn","Mr.","Wilbert","Sip","Chairman Financial Officer","Vlagtwedderstraat 115","Bourtange","GR","9545 TD","NL","WilbertSip@armyspy.com","06-56257187","11/16/1994"
"ACC0011","Voedselbank Leidsche Rijn","Mr.","Brent","Hellenbrand","Chairman Executive Officer","Waterwolf 115","Hoofddorp","NH","2131 HS","NL","BrentHellenbrand@armyspy.com","06-76498626","11/10/1994"
"ACC0011","Voedselbank Leidsche Rijn","Ms.","Marinde","Dag","Director Sales Operations","Klarenbeekstraat 124","Arnhem","GE","6822 HT","NL","MarindeDag@armyspy.com","06-11529230","11/21/1988"
"ACC0011","Voedselbank Leidsche Rijn","Mrs.","Deborah","Verzijl","Marketing Director","Stormmeeuwhof 152","Nuenen","NB","5672 EB","NL","DeborahVerzijl@superrito.com","06-87188582","2/14/1958"
"ACC0011","Voedselbank Leidsche Rijn","Ms.","Akke","Haakma","Sales Regional Director (N)","Meidoornweg 176","Amsterdam","NH","1031 GH","NL","AkkeHaakma@rhyta.com","06-69720675","5/15/1944"
"ACC0011","Voedselbank Leidsche Rijn","Mr.","Emrullah","Geluk","Purchasing Manager","Hadrianusstraat 72","Voorburg","ZH","2275 VD","NL","EmrullahGeluk@cuvox.de","06-73647382","3/25/1955"
"ACC0011","Voedselbank Leidsche Rijn","Mrs.","Sibel","van Hoesel","IT Project Manager","Gochsestraat 115","Huissen","GE","6851 JE","NL","SibelvanHoesel@jourrapide.com","06-36732565","8/15/1993"
"ACC0011","Voedselbank Leidsche Rijn","Mrs.","Anouschka","Jumelet","Business Architecture Manager","Maartstraat 166","Almere","FL","1335 BC","NL","AnouschkaJumelet@superrito.com","06-27427016","5/16/1973"
"ACC0011","Voedselbank Leidsche Rijn","Mr.","Kailash","Lakerveld","Talent Acquisitions Manager","Calkoenstraat 19","Landsmeer","NH","1121 XA","NL","KailashLakerveld@cuvox.de","06-40888160","6/20/1948"
"ACC0011","Voedselbank Leidsche Rijn","Mrs.","Ynskje","Lenssen","Creative Designer","Noorderbeekdwarsstraat 3","Den Haag","ZH","2562 XW","NL","YnskjeLenssen@cuvox.de","06-81183603","5/9/1955"
"ACC0011","Voedselbank Leidsche Rijn","Mr.","Shahid","van Rooijen","Sales Regional Director (NW)","Laan der Verenigde Naties 130","Middelburg","ZE","4334 ES","NL","ShahidvanRooijen@dayrep.com","06-49048006","6/8/1957"
"ACC0011","Voedselbank Leidsche Rijn","Ms.","Ecem","van der Kroft","Sales Regional Director (NE)","Zweelerbrink 147","Emmen","DR","7812 JM","NL","EcemvanderKroft@gustr.com","06-73474179","12/29/1964"
"ACC0011","Voedselbank Leidsche Rijn","Mr.","Irving","van Vroonhoven","Sales Regional Director (S)","Lange Achterweg 70","Schiedam","ZH","3111 JK","NL","IrvingvanVroonhoven@teleworm.us","06-93601982","8/14/1960"
"ACC0011","Voedselbank Leidsche Rijn","Mr.","Gersom","van Meerendonk","Treasurer","Visserstraat 25","Steenbergen","NB","4651 BH","NL","GersomvanMeerendonk@gustr.com","06-88346752","6/28/1997"
"ACC0011","Voedselbank Leidsche Rijn","Mr.","Parsa","Kas","Partnership Director","A. Rampionstrjitte 95","Bakhuizen","FR","8574 SJ","NL","ParsaKas@cuvox.de","06-25783101","4/21/1987"
"ACC0011","Voedselbank Leidsche Rijn","Mr.","Devran","Heemskerk","Support Manager","Molenvlietlaan 49","Mijnsheerenland","ZH","3271 BN","NL","DevranHeemskerk@cuvox.de","06-53663450","12/2/1986"
"ACC0011","Voedselbank Leidsche Rijn","Ms.","Jessy","Nieuwenhuijsen","B2B Director","Molenweg 132","Raalte","OV","8102 EK","NL","JessyNieuwenhuijsen@gustr.com","06-88098074","3/17/1938"
"ACC0011","Voedselbank Leidsche Rijn","Ms.","Omayra","Knapen","B2C Director","Hillekensacker 127","Nijmegen","GE","6546 LM","NL","OmayraKnapen@einrot.com","06-12330971","6/18/1997"
"ACC0011","Voedselbank Leidsche Rijn","Mr.","Yessin","Felter","Director Legal and Regulatory","Polakkers 152","Buinen","DR","9528 RD","NL","YessinFelter@superrito.com","06-16952820","11/8/1980"
"ACC0011","Voedselbank Leidsche Rijn","Mr.","Birol","Bontje","Program Manager","Bilderdijklaan 82","Bilthoven","UT","3723 DA","NL","BirolBontje@cuvox.de","06-18153985","7/17/1944"
"ACC0011","Voedselbank Leidsche Rijn","Ms.","Sharita","Senders","Director Business Control B2B","Dunklerstraat 192","Haarlem","NH","2033 RS","NL","SharitaSenders@gustr.com","06-62228970","12/31/1966"
"ACC0011","Voedselbank Leidsche Rijn","Mr.","Muharrem","van Nes","Operations Support Manager","Parnassiaveld 26","Duivendrecht","NH","1115 EE","NL","MuharremvanNes@teleworm.us","06-96066295","7/13/1962"
"ACC0011","Voedselbank Leidsche Rijn","Mr.","Geert-Jan","Dijkhuizen","Digital Operations Manager","Baneheide 93","Baneheide","LI","6353 AK","NL","Geert-JanDijkhuizen@gustr.com","06-31323521","6/4/1976"
"ACC0011","Voedselbank Leidsche Rijn","Mrs.","Yamna","Schmitz","Customer Support Executive","Jan Sluyterslaan 76","Almelo","OV","7606 JH","NL","YamnaSchmitz@armyspy.com","06-40542961","2/24/1996"
"ACC0011","Voedselbank Leidsche Rijn","Mr.","Dillen","Hellenbrand","General Director Executive Secretary","Verlengde Zandstraat 30","Hooge Zwaluwe","NB","4927 RE","NL","DillenHellenbrand@einrot.com","06-87214342","12/20/1957"
"ACC0011","Voedselbank Leidsche Rijn","Ms.","Rayshree","Moraal","Account Executive","Uitdammerdijk 71","Amsterdam","NH","1026 CP","NL","RayshreeMoraal@teleworm.us","06-59220627","6/28/1964"
"ACC0011","Voedselbank Leidsche Rijn","Mr.","Tjipke","Vlaanderen","Account Executive","Buurtweg 130","Leersum","UT","3956 ND","NL","TjipkeVlaanderen@rhyta.com","06-18690982","7/14/1967"
"ACC0011","Voedselbank Leidsche Rijn","Mr.","Yasser","van Heerde","Account Executive","De Wulp 161","Vriezenveen","OV","7671 ZN","NL","YasservanHeerde@einrot.com","06-18441618","4/5/1941"
"ACC0011","Voedselbank Leidsche Rijn","Mr.","Divano","Schneider","Customer Support Executive","Slotermeer 153","Purmerend","NH","1447 AE","NL","DivanoSchneider@jourrapide.com","06-65507179","7/2/1957"
"ACC0012","Reinaerde Heivlinder","Ms.","Farha","Scheffers","Director Technology","Bachlaan 47","Naarden","NH","1411 JC","NL","FarhaScheffers@fleckens.hu","06-92413413","8/10/1992"
"ACC0012","Reinaerde Heivlinder","Mr.","Gavin","Boog","Chairman Financial Officer","Frankrijkstraat 29","IJsselstein","UT","3402 BH","NL","GavinBoog@cuvox.de","06-46553812","12/21/1980"
"ACC0012","Reinaerde Heivlinder","Ms.","Lindsay","Lamens","Chairman Executive Officer","Aziësingel 59","IJsselstein","UT","3404 EK","NL","LindsayLamens@fleckens.hu","06-21106014","4/5/1974"
"ACC0012","Reinaerde Heivlinder","Mr.","Miran","van Neerven","Director Sales Operations","Burgemeester van Deelensingel 194","Velden","LI","5941 BB","NL","MiranvanNeerven@cuvox.de","06-90409867","11/3/1978"
"ACC0012","Reinaerde Heivlinder","Mr.","Ngoc","Stiekema","Marketing Director","Ridder van Catsweg 90","Gouda","ZH","2803 NA","NL","NgocStiekema@dayrep.com","06-11830381","8/25/1986"
"ACC0012","Reinaerde Heivlinder","Mr.","Nermin","Paauwe","Sales Regional Director (N)","Stenen Kamerpark 83","Tilburg","NB","5046 PP","NL","NerminPaauwe@jourrapide.com","06-28292429","4/10/1946"
"ACC0012","Reinaerde Heivlinder","Mr.","Nikay","Groenink","Purchasing Manager","Multatulistraat 8","Groningen","GR","9721 NP","NL","NikayGroenink@jourrapide.com","06-83947686","8/11/1942"
"ACC0012","Reinaerde Heivlinder","Mr.","Mattijn","van der Sleen","IT Project Manager","Wildschutweg 100","Wijdewormer","NH","1456 AE","NL","MattijnvanderSleen@superrito.com","06-59513007","12/20/1997"
"ACC0012","Reinaerde Heivlinder","Mr.","Joël","Alders","Business Architecture Manager","Wollefoppenstraat 132","Rotterdam","ZH","3061 MV","NL","JoelAlders@cuvox.de","06-50726324","6/1/1979"
"ACC0012","Reinaerde Heivlinder","Mr.","Tahsin","Zuijderduijn","Talent Acquisitions Manager","Westeindseweg 134","Zoeterwoude","ZH","2381 EC","NL","TahsinZuijderduijn@cuvox.de","06-80852608","5/1/1985"
"ACC0012","Reinaerde Heivlinder","Ms.","Solmaz","Steijaert","Creative Designer","Princenhil 175","Lage Zwaluwe","NB","4926 EG","NL","SolmazSteijaert@einrot.com","06-39224396","1/22/1944"
"ACC0012","Reinaerde Heivlinder","Mr.","Barthold","Reinink","Sales Regional Director (NW)","Putstraat 118","Sittard","LI","6131 HL","NL","BartholdReinink@einrot.com","06-94294952","10/16/1965"
"ACC0012","Reinaerde Heivlinder","Mr.","Ilyass","van den Hurk","Sales Regional Director (NE)","Cichoreistraat 178","Feanwâlden","FR","9269 PX","NL","IlyassvandenHurk@teleworm.us","06-21369455","8/30/1943"
"ACC0012","Reinaerde Heivlinder","Mr.","Salar","van Ekeren","Sales Regional Director (S)","Schansmeerweg 187","Donkerbroek","FR","8435 TE","NL","SalarvanEkeren@superrito.com","06-65284691","7/23/1959"
"ACC0012","Reinaerde Heivlinder","Mrs.","Mijs","Wemmenhove","Treasurer","Rotterdamseweg 95","Delft","ZH","2629 HH","NL","MijsWemmenhove@einrot.com","06-87249448","5/22/1950"
"ACC0012","Reinaerde Heivlinder","Dr.","Eef","Bergman","Partnership Director","Munnikendijk 179","Kerk-Avezaath","GE","4012 BH","NL","EefBergman@fleckens.hu","06-53123507","6/18/1960"
"ACC0012","Reinaerde Heivlinder","Ms.","Diantha","Hollemans","Support Manager","Limpensweg 103","Doenrade","LI","6439 BE","NL","DianthaHollemans@gustr.com","06-80503334","5/24/1991"
"ACC0012","Reinaerde Heivlinder","Mr.","Gareth","Kram","B2B Director","Laan van Avegoor 173","Ellecom","GE","6955 BG","NL","GarethKram@teleworm.us","06-32221158","12/8/1990"
"ACC0012","Reinaerde Heivlinder","Ms.","Roos-Anne","Everaers","B2C Director","Prinses Margrietstraat 48","Moordrecht","ZH","2841 TP","NL","Roos-AnneEveraers@dayrep.com","06-88191737","10/10/1980"
"ACC0012","Reinaerde Heivlinder","Mrs.","Joann","Eerland","Director Legal and Regulatory","Nunspeterweg 199","Elspeet","GE","8075 AD","NL","JoannEerland@cuvox.de","06-13977182","4/30/1938"
"ACC0012","Reinaerde Heivlinder","Mr.","Angus","Greuter","Program Manager","Koolhof 171","Ulvenhout","NB","4851 WJ","NL","AngusGreuter@einrot.com","06-35391915","5/27/1982"
"ACC0012","Reinaerde Heivlinder","Ms.","Madelaine","Adolfs","Director Business Control B2B","Zwanenlaan 195","Ter Aar","ZH","2461 BN","NL","MadelaineAdolfs@gustr.com","06-20214674","2/22/1978"
"ACC0012","Reinaerde Heivlinder","Ms.","Sippie","Gül","Operations Support Manager","Van Beethovensingel 178","Vlaardingen","ZH","3131 EB","NL","SippieGul@fleckens.hu","06-36053010","1/9/1948"
"ACC0012","Reinaerde Heivlinder","Mr.","Armaan","Loenen","Digital Operations Manager","Hennequinstraat 118","Aardenburg","ZE","4527 CD","NL","ArmaanLoenen@teleworm.us","06-69223320","2/22/1982"
"ACC0012","Reinaerde Heivlinder","Mrs.","Bouwina","Simmelink","Customer Support Executive","Anna Maria Geertruida Schmidtstraat 138","Alkmaar","NH","1822 MD","NL","BouwinaSimmelink@dayrep.com","06-47465871","11/16/1995"
"ACC0012","Reinaerde Heivlinder","Mrs.","Myke","Storm","General Director Executive Secretary","Duurstedestraat 134","Breda","NB","4834 HL","NL","MykeStorm@fleckens.hu","06-25609546","12/16/1997"
"ACC0012","Reinaerde Heivlinder","Ms.","Safiera","Zwemmer","Account Executive","Boskriek 85","Uden","NB","5401 LN","NL","SafieraZwemmer@jourrapide.com","06-10612848","8/21/1989"
"ACC0012","Reinaerde Heivlinder","Mrs.","Jip","van Stein","Account Executive","Magdalenastraat 110","Heikant","ZE","4566 BA","NL","JipvanStein@armyspy.com","06-49343188","7/12/1935"
"ACC0012","Reinaerde Heivlinder","Mr.","Aron","Poiesz","Account Executive","Andreasgaarde 19","Nieuwegein","UT","3436 RV","NL","AronPoiesz@dayrep.com","06-45397945","7/6/1987"
"ACC0012","Reinaerde Heivlinder","Mrs.","Aïsha","Geense","Customer Support Executive","Rembrandtlaan 155","Voorburg","ZH","2273 AM","NL","AishaGeense@fleckens.hu","06-31694815","5/30/1992"
"ACC0013","Advanced Security Systems","Ms.","Roza","Maes","Director Technology","Hoofdstraat 44","Gorssel","GE","7213 CR","NL","RozaMaes@rhyta.com","06-88170905","11/30/1961"
"ACC0013","Advanced Security Systems","Mr.","Zafer","Borg","Chairman Financial Officer","Hagelkruis 72","Bergeijk","NB","5571 PB","NL","ZaferBorg@gustr.com","06-43899442","5/6/1942"
"ACC0013","Advanced Security Systems","Mr.","Josiah","Herwig","Chairman Executive Officer","Vroomstraat 56","Pernis","ZH","3195 VP","NL","JosiahHerwig@teleworm.us","06-46086638","2/24/1976"
"ACC0013","Advanced Security Systems","Mr.","Danillo","Said","Director Sales Operations","Renbaanstraat 2","Den Haag","ZH","2586 GB","NL","DanilloSaid@jourrapide.com","06-56561990","1/12/1950"
"ACC0013","Advanced Security Systems","Ms.","Thamar","Dorsman","Marketing Director","Gravekamp 151","Huissen","GE","6851 NM","NL","ThamarDorsman@cuvox.de","06-57668951","12/5/1952"
"ACC0013","Advanced Security Systems","Mr.","Jilles","Naarden","Sales Regional Director (N)","Sperwerlaan 107","Vlaardingen","ZH","3136 GR","NL","JillesNaarden@rhyta.com","06-93078487","4/25/1943"
"ACC0013","Advanced Security Systems","Mrs.","Delphine","Santbergen","Purchasing Manager","Korte Groenestraat 25","Bruchem","GE","5314 AH","NL","DelphineSantbergen@rhyta.com","06-50151248","4/28/1976"
"ACC0013","Advanced Security Systems","Mr.","Huibrecht","Pijnappels","IT Project Manager","Weinmakkerij 120","Augustinusga","FR","9284 SH","NL","HuibrechtPijnappels@jourrapide.com","06-17643146","7/28/1986"
"ACC0013","Advanced Security Systems","Mr.","Elisa","van der Sande","Business Architecture Manager","Bremstraat 2","Den Helder","NH","1783 JA","NL","ElisavanderSande@fleckens.hu","06-74016995","8/7/1936"
"ACC0013","Advanced Security Systems","Mr.","Kian","Koornneef","Talent Acquisitions Manager","Nieuw-Caledoniestraat 29","Almere","FL","1339 NN","NL","KianKoornneef@cuvox.de","06-35481732","10/7/1949"
"ACC0013","Advanced Security Systems","Mr.","Valentin","Ramautar","Creative Designer","Czaar Peterstraat 153","Maastricht","LI","6224 TR","NL","ValentinRamautar@teleworm.us","06-91899212","11/2/1959"
"ACC0013","Advanced Security Systems","Mr.","Wilko","Sonneveld","Sales Regional Director (NW)","Landgoed Backershagen 71","Wassenaar","ZH","2243 AX","NL","WilkoSonneveld@jourrapide.com","06-92432905","6/25/1950"
"ACC0013","Advanced Security Systems","Mr.","Rink","Verschure","Sales Regional Director (NE)","Pieter Aertszstraat 161","Amsterdam","NH","1073 SP","NL","RinkVerschure@rhyta.com","06-11363244","8/9/1981"
"ACC0013","Advanced Security Systems","Mr.","Mace","van Kester","Sales Regional Director (S)","De Meierij 170","Ootmarsum","OV","7631 AL","NL","MacevanKester@armyspy.com","06-35736056","9/4/1948"
"ACC0013","Advanced Security Systems","Dr.","Ariaantje","Murre","Treasurer","Commissiestraat 38","Zwolle","OV","8012 DT","NL","AriaantjeMurre@fleckens.hu","06-63588966","11/7/1947"
"ACC0013","Advanced Security Systems","Mr.","Muhammad","Bek","Partnership Director","De Setangel 199","Grou","FR","9001 NX","NL","MuhammadBek@dayrep.com","06-95948426","1/14/1959"
"ACC0013","Advanced Security Systems","Mr.","Bilal","Schuitema","Support Manager","Jac. van Wassenaerstraat 84","Best","NB","5684 CR","NL","BilalSchuitema@superrito.com","06-88439856","6/14/1982"
"ACC0013","Advanced Security Systems","Mr.","Gianluca","Sommer","B2B Director","Arie Tukstraat 48","Ter Heijde","ZH","2684 XM","NL","GianlucaSommer@einrot.com","06-46670757","8/22/1944"
"ACC0013","Advanced Security Systems","Ms.","Samora","Binda","B2C Director","Vijverlaan 140","Velp","GE","6881 HJ","NL","SamoraBinda@teleworm.us","06-34428119","4/9/1982"
"ACC0013","Advanced Security Systems","Mr.","Lamar","van Kippersluis","Director Legal and Regulatory","Gruttostraat 168","De Westereen","FR","9271 EA","NL","LamarvanKippersluis@einrot.com","06-80206837","11/5/1984"
"ACC0013","Advanced Security Systems","Mr.","Long","Donkers","Program Manager","Brusselsestraat 35","Maastricht","LI","6211 PB","NL","LongDonkers@rhyta.com","06-54856124","9/23/1982"
"ACC0013","Advanced Security Systems","Mr.","Sina","Boonstoppel","Director Business Control B2B","Veluwstraat 37","Ewijk","GE","6644 AE","NL","SinaBoonstoppel@einrot.com","06-46102448","7/10/1960"
"ACC0013","Advanced Security Systems","Mr.","Jona","Horstink","Operations Support Manager","Gasthuisstraat 25","Kaatsheuvel","NB","5171 GH","NL","JonaHorstink@teleworm.us","06-92055625","1/19/1999"
"ACC0013","Advanced Security Systems","Mr.","Jenno","Schalk","Digital Operations Manager","Vreedonklaan 1","Dordrecht","ZH","3317 HV","NL","JennoSchalk@rhyta.com","06-54853166","11/30/1993"
"ACC0013","Advanced Security Systems","Mr.","Isha","Crielaard","Customer Support Executive","Zandweg 138","Wijk bij Duurstede","UT","3962 EG","NL","IshaCrielaard@dayrep.com","06-75849431","12/27/1963"
"ACC0013","Advanced Security Systems","Mr.","Emirhan","Hurenkamp","General Director Executive Secretary","Anton Philipsweg 95","Sassenheim","ZH","2171 KX","NL","EmirhanHurenkamp@gustr.com","06-57707235","4/23/1970"
"ACC0013","Advanced Security Systems","Mr.","Daoud","Put","Account Executive","Dommeweg 131","Apeldoorn","GE","7323 RD","NL","DaoudPut@teleworm.us","06-57800743","1/19/1987"
"ACC0013","Advanced Security Systems","Mr.","Smail","Hamstra","Account Executive","Asingastraat 121","Ulrum","GR","9971 CA","NL","SmailHamstra@rhyta.com","06-31285706","3/31/1955"
"ACC0013","Advanced Security Systems","Mr.","Rui","Popken","Account Executive","Oostzeedijk 45","Rotterdam","ZH","3063 BK","NL","RuiPopken@superrito.com","06-69072440","3/4/1966"
"ACC0013","Advanced Security Systems","Mrs.","Sin","Kaur","Customer Support Executive","Uranusstraat 191","Brunssum","LI","6446 TP","NL","SinKaur@einrot.com","06-80300321","10/28/1976"
"ACC0014","Love Letterpress","Mr.","Harrie","Meuwissen","Director Technology","Rozenweg 189","Lochem","GE","7241 EC","NL","HarrieMeuwissen@fleckens.hu","06-40849283","12/11/1940"
"ACC0014","Love Letterpress","Mr.","Rowin","Schutte","Chairman Financial Officer","Balthasar Floriszstraat 64","Amsterdam","NH","1071 VB","NL","RowinSchutte@teleworm.us","06-81599627","12/22/1959"
"ACC0014","Love Letterpress","Mr.","Étienne","Grotenhuis","Chairman Executive Officer","Kamilletuin 139","Dongen","NB","5103 CB","NL","EtienneGrotenhuis@dayrep.com","06-32454609","3/13/1997"
"ACC0014","Love Letterpress","Mr.","Pavel","Veenstra","Director Sales Operations","Sterappel 48","Heino","OV","8141 GR","NL","PavelVeenstra@rhyta.com","06-22924860","9/5/1967"
"ACC0014","Love Letterpress","Mrs.","Lubertha","Hurenkamp","Marketing Director","Landfort 86","Lelystad","FL","8219 AL","NL","LuberthaHurenkamp@jourrapide.com","06-11149872","6/3/1964"
"ACC0014","Love Letterpress","Mrs.","Feride","van den Blink","Sales Regional Director (N)","Wade 31","Zwolle","OV","8043 LR","NL","FeridevandenBlink@jourrapide.com","06-29459069","11/18/1989"
"ACC0014","Love Letterpress","Mr.","Elliott","van den Berkmortel","Purchasing Manager","Mignonpad 28","Amersfoort","UT","3816 ET","NL","ElliottvandenBerkmortel@gustr.com","06-44669362","9/20/1960"
"ACC0014","Love Letterpress","Mr.","Kors","Cremer","IT Project Manager","Toon Peetersstraat 136","Broekhuizenvorst","LI","5871 AX","NL","KorsCremer@dayrep.com","06-71239141","2/15/1993"
"ACC0014","Love Letterpress","Mr.","Jildert","van den Eijnden","Business Architecture Manager","Dirk Boutsstraat 78","Zevenaar","GE","6901 DD","NL","JildertvandenEijnden@fleckens.hu","06-43963654","10/13/1966"
"ACC0014","Love Letterpress","Mr.","Hennie","Stienen","Talent Acquisitions Manager","Van Houtenstraat 2","Poeldijk","ZH","2685 RC","NL","HennieStienen@armyspy.com","06-93085641","5/27/1993"
"ACC0014","Love Letterpress","Mr.","Ebrahim","Lagendijk","Creative Designer","Kranenburglaan 28","Hoogkarspel","NH","1616 CA","NL","EbrahimLagendijk@fleckens.hu","06-95703502","11/2/1991"
"ACC0014","Love Letterpress","Mr.","Dominicus","Buursma","Sales Regional Director (NW)","Spantring 23","Wateringen","ZH","2291 LH","NL","DominicusBuursma@superrito.com","06-26426282","10/8/1947"
"ACC0014","Love Letterpress","Mr.","Connor","Koorevaar","Sales Regional Director (NE)","Couperusweg 125","Almere","FL","1321 AS","NL","ConnorKoorevaar@fleckens.hu","06-39301353","4/2/1951"
"ACC0014","Love Letterpress","Mr.","Erben","van Plateringen","Sales Regional Director (S)","Kromme Elleboog 99","Haren","GR","9751 RA","NL","ErbenvanPlateringen@teleworm.us","06-68648288","4/6/1992"
"ACC0014","Love Letterpress","Mr.","Abdelkhalek","Heesters","Treasurer","Kanaalweg West 1","Made","NB","4921 PZ","NL","AbdelkhalekHeesters@einrot.com","06-93881647","12/7/1976"
"ACC0014","Love Letterpress","Ms.","Irini","van der Roest","Partnership Director","Nieuwstraat 31","Tilburg","NB","5021 WV","NL","IrinivanderRoest@gustr.com","06-67444327","1/5/1981"
"ACC0014","Love Letterpress","Mr.","Klaasjan","de Looze","Support Manager","Professor Dondersstraat 77","Helmond","NB","5707 EK","NL","KlaasjandeLooze@teleworm.us","06-43232327","8/16/1993"
"ACC0014","Love Letterpress","Ms.","Sheena","van der Peet","B2B Director","Diodeweg 54","Hoorn","NH","1627 LL","NL","SheenavanderPeet@gustr.com","06-33189774","7/21/1983"
"ACC0014","Love Letterpress","Mr.","Jurren","Uyar","B2C Director","Willem Pauwstraat 20","Kortenhoef","NH","1241 BZ","NL","JurrenUyar@gustr.com","06-27513796","2/10/1987"
"ACC0014","Love Letterpress","Mr.","Dax","Smeenge","Director Legal and Regulatory","Prins Bernhardlaan 191","Vlagtwedde","GR","9541 BT","NL","DaxSmeenge@jourrapide.com","06-14755155","2/22/1949"
"ACC0014","Love Letterpress","Ms.","Merlijne","Rahimi","Program Manager","Eikenlaan 146","Hilversum","NH","1213 SJ","NL","MerlijneRahimi@dayrep.com","06-60551447","11/14/1978"
"ACC0014","Love Letterpress","Mr.","Janick","Oosterveen","Director Business Control B2B","Reinier de Graafweg 100","Delft","ZH","2625 DS","NL","JanickOosterveen@einrot.com","06-12577879","11/6/1960"
"ACC0014","Love Letterpress","Ms.","Arantxa","de Loos","Operations Support Manager","Stoelmatter 189","Wateringen","ZH","2292 JL","NL","ArantxadeLoos@jourrapide.com","06-98426515","9/13/1963"
"ACC0014","Love Letterpress","Mrs.","Melek","Sieders","Digital Operations Manager","Bremstraat 186","Heerlen","LI","6413 SB","NL","MelekSieders@rhyta.com","06-60238110","3/7/1954"
"ACC0014","Love Letterpress","Mr.","Aernout","Starreveld","Customer Support Executive","Europaweg-Zuid 35","Landgraaf","LI","6374 KZ","NL","AernoutStarreveld@armyspy.com","06-36768067","7/24/1992"
"ACC0014","Love Letterpress","Ms.","Yvon","ter Laak","General Director Executive Secretary","Laarderweg 25","Eemnes","UT","3755 AR","NL","YvonterLaak@superrito.com","06-36013970","1/7/1989"
"ACC0014","Love Letterpress","Ms.","Barbara","Stork","Account Executive","Oostermeent 185","Blaricum","NH","1261 NZ","NL","BarbaraStork@einrot.com","06-85191990","8/13/1968"
"ACC0014","Love Letterpress","Mr.","Wiecher","Kitzen","Account Executive","Kanaaldijk Zuid 16","Schalkwijk","UT","3998 WK","NL","WiecherKitzen@jourrapide.com","06-44906268","4/21/1943"
"ACC0014","Love Letterpress","Mr.","Ashwin","Stel","Account Executive","Begijnhofweg 34","Kelpen-Oler","LI","6037 RJ","NL","AshwinStel@superrito.com","06-66381765","11/23/1950"
"ACC0014","Love Letterpress","Mrs.","Rozina","Vlasblom","Customer Support Executive","Dolfijnlaan 67","Helmond","NB","5706 BT","NL","RozinaVlasblom@armyspy.com","06-94749529","2/17/1963"
"ACC0015","GS Finance","Mr.","Mounssif","Boons","Director Technology","Balkendwarsweg 114","Assen","DR","9405 PT","NL","MounssifBoons@dayrep.com","06-76326179","8/26/1943"
"ACC0015","GS Finance","Mr.","Reinder","Mengerink","Chairman Financial Officer","President Kennedylaan 153","Amsterdam","NH","1079 MR","NL","ReinderMengerink@gustr.com","06-39605833","5/31/1978"
"ACC0015","GS Finance","Mr.","Caleb","van Brink","Chairman Executive Officer","Bulkstraat 19","Deil","GE","4158 EA","NL","CalebvanBrink@superrito.com","06-46356703","9/20/1952"
"ACC0015","GS Finance","Dr.","Broer","Ahmed","Director Sales Operations","Wilhelminastraat 52","Krommenie","NH","1561 ZP","NL","BroerAhmed@cuvox.de","06-42136339","12/30/1954"
"ACC0015","GS Finance","Mr.","Geerten","Jonkers","Marketing Director","Kruisstraat 122","Veldhoven","NB","5502 JC","NL","GeertenJonkers@rhyta.com","06-13359244","11/6/1984"
"ACC0015","GS Finance","Ms.","Carly","Kruk","Sales Regional Director (N)","Uiterwaardenstraat 151","Amsterdam","NH","1079 CM","NL","CarlyKruk@gustr.com","06-25635770","11/21/1969"
"ACC0015","GS Finance","Mr.","Jaco","van der Lek","Purchasing Manager","Beerze 130","Wijk bij Duurstede","UT","3961 HE","NL","JacovanderLek@teleworm.us","06-56318946","1/1/1979"
"ACC0015","GS Finance","Mr.","Koenraad","Steegh","IT Project Manager","Kwartsweg 115","Bleiswijk","ZH","2665 NN","NL","KoenraadSteegh@fleckens.hu","06-49226086","6/11/1970"
"ACC0015","GS Finance","Ms.","Lidwien","Buijsen","Business Architecture Manager","Da Vincistraat 109","Arnhem","GE","6836 KD","NL","LidwienBuijsen@einrot.com","06-36323108","2/5/1946"
"ACC0015","GS Finance","Mrs.","Faouzia","van Ettinger","Talent Acquisitions Manager","Markt 161","Eindhoven","NB","5611 EC","NL","FaouziavanEttinger@superrito.com","06-27012488","1/24/1988"
"ACC0015","GS Finance","Mrs.","Marloe","Luteijn","Creative Designer","Kuiperbergstraat 103","Eindhoven","NB","5628 DK","NL","MarloeLuteijn@fleckens.hu","06-29821664","12/8/1941"
"ACC0015","GS Finance","Mrs.","Stijntje","Weenk","Sales Regional Director (NW)","Prins Alexanderlaan 3","Berg en Dal","GE","6571 AV","NL","StijntjeWeenk@superrito.com","06-37339844","12/23/1996"
"ACC0015","GS Finance","Mr.","Stanislav","Vermaning","Sales Regional Director (NE)","Gooioord 17","Amsterdam-Zuidoost","NH","1103 CJ","NL","StanislavVermaning@superrito.com","06-52883994","1/29/1967"
"ACC0015","GS Finance","Mr.","Jozua","Hogendorp","Sales Regional Director (S)","Kanariestraat 43","Amsterdam","NH","1021 VM","NL","JozuaHogendorp@armyspy.com","06-93207750","7/14/1993"
"ACC0015","GS Finance","Mr.","Casparus","Kerstens","Treasurer","Chamottestraat 16","Reuver","LI","5953 RL","NL","CasparusKerstens@teleworm.us","06-73417931","10/21/1984"
"ACC0015","GS Finance","Mrs.","Natalya","Bas","Partnership Director","Serenadestraat 143","Almere","FL","1312 EL","NL","NatalyaBas@fleckens.hu","06-56984181","1/17/1987"
"ACC0015","GS Finance","Ms.","Stevie","Donkers","Support Manager","Gandhi 81","Culemborg","GE","4102 HK","NL","StevieDonkers@armyspy.com","06-18361887","6/9/1962"
"ACC0015","GS Finance","Ms.","Anabel","Menger","B2B Director","Kromme Heitraksedijk 101","Neerkant","NB","5758 PD","NL","AnabelMenger@superrito.com","06-66393371","11/16/1956"
"ACC0015","GS Finance","Mr.","Indra","van Ittersum","B2C Director","Martin Luther King 88","Culemborg","GE","4102 GX","NL","IndravanIttersum@jourrapide.com","06-12949498","11/1/1989"
"ACC0015","GS Finance","Mr.","Rajiv","van de Ven","Director Legal and Regulatory","Breedstraat 173","Enkhuizen","NH","1601 KD","NL","RajivvandeVen@cuvox.de","06-64021409","1/30/1995"
"ACC0015","GS Finance","Mrs.","Dewika","Knijff","Program Manager","Heerlijkheidlaan 152","Weert","LI","6004 VZ","NL","DewikaKnijff@armyspy.com","06-52924785","1/23/1985"
"ACC0015","GS Finance","Mr.","Sacha","Rooks","Director Business Control B2B","Sint Lambertuslaan 118","Maastricht","LI","6212 AR","NL","SachaRooks@dayrep.com","06-72205810","7/30/1987"
"ACC0015","GS Finance","Mrs.","Noufissa","Lam","Operations Support Manager","Poelruit 41","Leeuwarden","FR","8935 RD","NL","NoufissaLam@jourrapide.com","06-96897972","8/20/1983"
"ACC0015","GS Finance","Dr.","Albina","Gonzalez","Digital Operations Manager","Huygensstraat 22","Goor","OV","7471 XT","NL","AlbinaGonzalez@einrot.com","06-39864031","7/3/1946"
"ACC0015","GS Finance","Ms.","Shanon","Turan","Customer Support Executive","Haringbuis 100","De Rijp","NH","1483 CT","NL","ShanonTuran@rhyta.com","06-76710817","10/13/1981"
"ACC0015","GS Finance","Ms.","Kayla","Streekstra","General Director Executive Secretary","Sara de Bronovoplein 81","Leiden","ZH","2331 TJ","NL","KaylaStreekstra@rhyta.com","06-21651507","11/21/1952"
"ACC0015","GS Finance","Mr.","Marshall","Brakenhoff","Account Executive","Koningin Julianaweg 23","Loenen aan de Vecht","UT","3632 ED","NL","MarshallBrakenhoff@gustr.com","06-22659710","7/14/1973"
"ACC0015","GS Finance","Mr.","Zakariae","Kil","Account Executive","Rijksweg 116","Hoogersmilde","DR","9423 PH","NL","ZakariaeKil@rhyta.com","06-18510882","5/21/1947"
"ACC0015","GS Finance","Mr.","Jawad","Tamerus","Account Executive","Dingspelstraat 91","Gieten","DR","9461 JC","NL","JawadTamerus@superrito.com","06-44335780","7/30/1984"
"ACC0015","GS Finance","Mrs.","Bibianne","Latour","Customer Support Executive","Langerak 43","Abbenes","NH","2157 PE","NL","BibianneLatour@superrito.com","06-51499321","11/13/1991"
"ACC0016","BMZ Music","Mr.","Jorg","de Vos","Director Technology","Vellegendijk 46","Aalten","GE","7122 PE","NL","JorgdeVos@dayrep.com","06-26137126","2/7/1993"
"ACC0016","BMZ Music","Ms.","Mirelle","Pollemans","Chairman Financial Officer","Geldestraat 162","Someren","NB","5711 XE","NL","MirellePollemans@dayrep.com","06-88896051","1/26/1955"
"ACC0016","BMZ Music","Mr.","Akram","van Ommen","Chairman Executive Officer","Kogge 5","Lelystad","FL","8243 AJ","NL","AkramvanOmmen@armyspy.com","06-69251763","7/27/1936"
"ACC0016","BMZ Music","Mrs.","Johanna","Wilkes","Director Sales Operations","Von Weberlaan 70","Rotterdam","ZH","3055 HX","NL","JohannaWilkes@jourrapide.com","06-98483464","1/8/1957"
"ACC0016","BMZ Music","Mrs.","Chavelli","van Weeren","Marketing Director","Zetelveenweg 14","Sleen","DR","7841 BP","NL","ChavellivanWeeren@jourrapide.com","06-48217650","5/20/1959"
"ACC0016","BMZ Music","Ms.","Serina","Maarschalkerweerd","Sales Regional Director (N)","De Piek 173","Tuitjenhorn","NH","1747 TH","NL","SerinaMaarschalkerweerd@cuvox.de","06-22052856","4/15/1951"
"ACC0016","BMZ Music","Ms.","Jori","Joris","Purchasing Manager","Witteweg 46","Terheijden","NB","4844 PL","NL","JoriJoris@gustr.com","06-34122007","2/7/1937"
"ACC0016","BMZ Music","Mr.","Barteld","Smolenaars","IT Project Manager","Kloosterweg 28","Warffum","GR","9989 TB","NL","BarteldSmolenaars@rhyta.com","06-89231404","1/21/1982"
"ACC0016","BMZ Music","Mr.","Heinrich","Ridderhof","Business Architecture Manager","Fischerstraat 88","Den Haag","ZH","2572 RB","NL","HeinrichRidderhof@jourrapide.com","06-59548294","6/23/1988"
"ACC0016","BMZ Music","Mr.","Attila","Dieterman","Talent Acquisitions Manager","Huidenstraat 112","Amsterdam","NH","1016 ET","NL","AttilaDieterman@cuvox.de","06-68781949","1/10/1945"
"ACC0016","BMZ Music","Ms.","Indra","Elzinga","Creative Designer","Eisenhowerstraat 13","Sittard","LI","6135 AC","NL","IndraElzinga@rhyta.com","06-71583911","3/26/1968"
"ACC0016","BMZ Music","Ms.","Nimet","van der Vlugt","Sales Regional Director (NW)","Witbloemstraat 44","Ridderkerk","ZH","2988 XS","NL","NimetvanderVlugt@cuvox.de","06-10227865","9/22/1937"
"ACC0016","BMZ Music","Mrs.","Karoline","Borggreve","Sales Regional Director (NE)","Marktplein 175","Oud-Beijerland","ZH","3261 BZ","NL","KarolineBorggreve@armyspy.com","06-52517366","10/29/1979"
"ACC0016","BMZ Music","Mr.","Freek","ten Cate","Sales Regional Director (S)","Segbroeklaan 198","Den Haag","ZH","2565 DM","NL","FreektenCate@rhyta.com","06-66361280","3/4/1966"
"ACC0016","BMZ Music","Mr.","Rombout","Verduin","Treasurer","Het Bosch 77","Zwartsluis","OV","8064 PM","NL","RomboutVerduin@dayrep.com","06-29122979","8/14/1998"
"ACC0016","BMZ Music","Mrs.","Noufissa","Dijcks","Partnership Director","Gaffelhoek 9","Enschede","OV","7546 MS","NL","NoufissaDijcks@einrot.com","06-67925980","7/22/1959"
"ACC0016","BMZ Music","Mr.","Wulfert","Kouwenhoven","Support Manager","Grotestraat 65","Bedum","GR","9781 HC","NL","WulfertKouwenhoven@dayrep.com","06-84762394","3/7/1945"
"ACC0016","BMZ Music","Mrs.","Caroliene","van den Eijnden","B2B Director","Aldenhofstraat 139","Beek","LI","6191 GT","NL","CarolienevandenEijnden@rhyta.com","06-86138332","9/1/1957"
"ACC0016","BMZ Music","Mrs.","Benice","van Diejen","B2C Director","Laan van Nieuw Oosteinde 140","Voorburg","ZH","2274 GC","NL","BenicevanDiejen@jourrapide.com","06-25392127","10/12/1975"
"ACC0016","BMZ Music","Ms.","Melissa","Kuin","Director Legal and Regulatory","Willaertstraat 95","Soest","UT","3766 CR","NL","MelissaKuin@fleckens.hu","06-76730284","5/23/1951"
"ACC0016","BMZ Music","Ms.","Sira","Lieshout","Program Manager","Gommersstraat 28","Rijsbergen","NB","4891 AR","NL","SiraLieshout@gustr.com","06-54040838","3/10/1996"
"ACC0016","BMZ Music","Mr.","Rolando","Verbiest","Director Business Control B2B","Groenlandsekade 46","Vinkeveen","UT","3645 BC","NL","RolandoVerbiest@fleckens.hu","06-85381366","11/18/1981"
"ACC0016","BMZ Music","Mrs.","Nayomi","Ketting","Operations Support Manager","Westerveldseweg 107","Veldhoven","NB","5504 RB","NL","NayomiKetting@gustr.com","06-51604099","8/19/1988"
"ACC0016","BMZ Music","Mr.","Silvian","Schermer","Digital Operations Manager","Josephlaan 61","Rotterdam","ZH","3014 TD","NL","SilvianSchermer@einrot.com","06-52219492","10/23/1953"
"ACC0016","BMZ Music","Mr.","Jense","van der Eerden","Customer Support Executive","Flamingoweg 87","Apeldoorn","GE","7333 AX","NL","JensevanderEerden@armyspy.com","06-20580535","7/15/1980"
"ACC0016","BMZ Music","Mr.","Ger","Wildeboer","General Director Executive Secretary","Pripperstraat 52","Sneek","FR","8608 AV","NL","GerWildeboer@dayrep.com","06-19869355","9/20/1944"
"ACC0016","BMZ Music","Mrs.","Hadassa","Ratering","Account Executive","Dadeltuin 26","Rotterdam","ZH","3078 LA","NL","HadassaRatering@armyspy.com","06-12666432","6/23/1949"
"ACC0016","BMZ Music","Mr.","Gerson","Kraaijvanger","Account Executive","Roomtuintjes 148","Amsterdam","NH","1093 TA","NL","GersonKraaijvanger@fleckens.hu","06-82920969","12/1/1968"
"ACC0016","BMZ Music","Mr.","Abdulahi","Jorna","Account Executive","Okkerlust 136","Veere","ZE","4351 SM","NL","AbdulahiJorna@gustr.com","06-68736703","11/19/1959"
"ACC0016","BMZ Music","Mr.","Ane","Broos","Customer Support Executive","Debussystraat 104","Delft","ZH","2625 BE","NL","AneBroos@armyspy.com","06-68232061","10/15/1941"
"ACC0017","Theorie Academie","Ms.","Cornelie","Hoebe","Director Technology","Eikenlaan 173","s-Gravenzande","ZH","2691 EA","NL","CornelieHoebe@dayrep.com","06-88386691","7/7/1947"
"ACC0017","Theorie Academie","Mr.","Maximiliano","Ceelen","Chairman Financial Officer","Strausslaan 34","Voorthuizen","GE","3781 HS","NL","MaximilianoCeelen@jourrapide.com","06-91816874","12/14/1996"
"ACC0017","Theorie Academie","Mrs.","Dilâra","Houwaart","Chairman Executive Officer","Kattenburgerstraat 117","Amsterdam","NH","1018 JB","NL","DilaraHouwaart@einrot.com","06-87631037","12/1/1985"
"ACC0017","Theorie Academie","Mr.","Ferit","Dusseljee","Director Sales Operations","Christinastraat 64","Mierlo","NB","5731 BL","NL","FeritDusseljee@gustr.com","06-24860497","3/15/1961"
"ACC0017","Theorie Academie","Ms.","Laurentia","van Klaveren","Marketing Director","Grensstraat 152","Amsterdam","NH","1091 SV","NL","LaurentiavanKlaveren@dayrep.com","06-52388774","6/8/1973"
"ACC0017","Theorie Academie","Mrs.","Tamara","Dols","Sales Regional Director (N)","Keizersgracht 125","Amsterdam","NH","1015 CP","NL","TamaraDols@gustr.com","06-50004727","9/30/1966"
"ACC0017","Theorie Academie","Mrs.","Morgan","Verstraeten","Purchasing Manager","t Woudt 124","Schipluiden","ZH","2636 HD","NL","MorganVerstraeten@rhyta.com","06-84717854","10/24/1996"
"ACC0017","Theorie Academie","Ms.","Mayon","Verhaar","IT Project Manager","Meeuwenlaan 152","Rotterdam","ZH","3055 CL","NL","MayonVerhaar@teleworm.us","06-87589302","3/3/1946"
"ACC0017","Theorie Academie","Mr.","Nanno","Doornink","Business Architecture Manager","Prunusplantsoen 55","Ridderkerk","ZH","2982 NB","NL","NannoDoornink@dayrep.com","06-45017317","5/7/1977"
"ACC0017","Theorie Academie","Mr.","Jafeth","Arets","Talent Acquisitions Manager","Middelbuorren 175","Opeinde","FR","9218 PP","NL","JafethArets@cuvox.de","06-80202091","12/12/1989"
"ACC0017","Theorie Academie","Mr.","Gerrit-Jan","Schoots","Creative Designer","Strijkviertel 88","De Meern","UT","3454 PL","NL","Gerrit-JanSchoots@teleworm.us","06-83268655","9/27/1983"
"ACC0017","Theorie Academie","Dr.","Azeddine","Sellis","Sales Regional Director (NW)","Kerkebreek 81","Landsmeer","NH","1121 KB","NL","AzeddineSellis@gustr.com","06-62119080","2/12/1961"
"ACC0017","Theorie Academie","Mr.","Lazar","Ibrahim","Sales Regional Director (NE)","Gustav Mahlerplein 140","Amsterdam","NH","1082 MA","NL","LazarIbrahim@einrot.com","06-49554734","11/23/1949"
"ACC0017","Theorie Academie","Mrs.","Gertrudis","Baudoin","Sales Regional Director (S)","Amstelveenseweg 53","Amsterdam","NH","1081 JW","NL","GertrudisBaudoin@gustr.com","06-93520292","8/15/1963"
"ACC0017","Theorie Academie","Mr.","Pyke","Sparreboom","Treasurer","Berkenlaan 136","Haren","GR","9751 GP","NL","PykeSparreboom@superrito.com","06-38460968","5/15/1948"
"ACC0017","Theorie Academie","Mr.","Naresh","Uijtdewilligen","Partnership Director","Middenstraat 115","Sappemeer","GR","9611 KJ","NL","NareshUijtdewilligen@rhyta.com","06-71923812","9/28/1997"
"ACC0017","Theorie Academie","Mrs.","Selvi","Hermus","Support Manager","Graaf Willemlaan 183","Vogelenzang","NH","2114 DC","NL","SelviHermus@einrot.com","06-50337687","2/28/1950"
"ACC0017","Theorie Academie","Ms.","Deena","van Kreij","B2B Director","Bloemstraat 32","Utrecht","UT","3581 WC","NL","DeenavanKreij@dayrep.com","06-67849887","8/4/1965"
"ACC0017","Theorie Academie","Ms.","Yuen","van Gogh","B2C Director","Beethovenlaan 75","Utrecht","UT","3533 EV","NL","YuenvanGogh@jourrapide.com","06-56092738","6/29/1976"
"ACC0017","Theorie Academie","Mr.","Jared","Voesten","Director Legal and Regulatory","Kloppersingel 176","Haarlem","NH","2021 CW","NL","JaredVoesten@gustr.com","06-69707965","5/25/1940"
